,username,before_percolation,after_percolation,degree,change
280,MILKA_IG,0.0016685498871719647,0.0019682221760532687,22132,increase
374,AliceOllstein,0.00040142331823453034,0.00044694956146068413,12557,increase
305,HelenBranswell,9.911686869988404e-07,1.2165936254874537e-06,11538,increase
300,Mulu3010992,0.0007831884575102504,0.0010853906437762796,9198,increase
105,CDCgov,6.938180808991882e-06,8.780917156741657e-06,9069,increase
1016,ArielCohen37,8.920518182989563e-05,8.696281414479205e-05,7634,decrease
877,EdenBFKN,0.0,0.0,6978,no change
146,Patricklubin20,5.947012121993042e-06,6.213453460816112e-06,6477,increase
1257,TheMSeries1,3.5682072731958255e-05,3.3722453359884464e-05,6357,decrease
628,wherewelive,0.0,0.0,5910,no change
439,HPN4Tigray,2.0814542426975648e-05,2.0137862625704212e-05,5814,decrease
1280,JohnFromCA,1.4867530304982605e-05,1.4637400128200857e-05,4815,decrease
1193,jackfitzdc,5.947012121993042e-06,6.213453460816112e-06,4127,increase
1247,doctormacias,2.973506060996521e-06,3.2873026304844544e-06,3905,increase
973,NationalNurses,8.920518182989563e-05,0.00011221899887267326,3766,increase
265,SignHealth,2.973506060996521e-06,3.2873026304844544e-06,3638,increase
504,TigrayKwgehEu,0.00014190231702200068,0.00017484217720566104,3632,increase
1331,AlexCastagnoIRL,2.973506060996521e-06,3.2873026304844544e-06,3598,increase
220,omctorg,5.947012121993042e-06,6.213453460816112e-06,3354,increase
128,therobanda,9.911686869988404e-06,9.996375310366883e-06,3288,increase
883,DrJayVarma,4.0637916166952454e-05,5.785165471966559e-05,3268,increase
296,msdh,2.973506060996521e-06,3.2873026304844544e-06,3106,increase
428,thehill,9.911686869988404e-06,9.996375310366883e-06,2991,increase
473,brhan50964202,8.813141575231359e-05,0.00012956195510964867,2770,increase
398,SudanTribune_EN,0.00012191374850085736,0.00015408574744750855,2744,increase
1338,chxse999x,2.973506060996521e-06,3.2873026304844544e-06,2727,increase
561,News414MKE,0.0,0.0,2705,no change
277,BNOFeed,9.911686869988404e-07,1.2165936254874537e-06,2543,increase
986,geiger_warning,2.973506060996521e-06,3.2873026304844544e-06,2534,increase
1298,MCCoyCountyExec,0.0,0.0,2495,no change
1167,ushamcfarling,9.911686869988404e-07,1.2165936254874537e-06,2423,increase
1238,MyHEALTHKKM,9.911686869988404e-07,1.2165936254874537e-06,2375,increase
385,MoHFW_INDIA,2.973506060996521e-06,3.2873026304844544e-06,2358,increase
1215,michaelrosino,4.955843434994202e-06,6.115808706975584e-06,2259,increase
508,lieliti,7.342908022849743e-05,0.0001093125218157255,2251,increase
437,Ebrahi_k,0.0,0.0,2250,no change
118,Alexander_Tin,0.0002676155454896869,0.00040518343601547886,2139,increase
521,WediRaya7,7.954128713165701e-05,0.00010184995743887687,2040,increase
633,CityofDenver,1.9823373739976807e-06,2.689594843452729e-06,1974,increase
298,The519,5.947012121993042e-06,6.213453460816112e-06,1971,increase
451,AsmlashGrantFdn,2.973506060996521e-06,3.2873026304844544e-06,1748,increase
862,contagemcorona1,9.911686869988404e-07,1.2165936254874537e-06,1727,increase
643,NewsLitProject,0.0,0.0,1715,no change
559,Queenone_16,6.14524585939281e-05,7.886869124840611e-05,1688,increase
947,Greg0wen,2.973506060996521e-06,3.2873026304844544e-06,1522,increase
1214,steph_wils,2.973506060996521e-06,4.043486519738967e-06,1515,increase
1231,UKHSA_NorthWest,0.0,0.0,1480,no change
516,pewresearch,0.0,0.0,1445,no change
284,NYCHealthCommr,3.469090404495941e-06,4.464056056946584e-06,1444,increase
501,TheEconomist,0.0,0.0,1415,no change
1197,jakeshieldsajj,9.911686869988404e-07,1.2165936254874537e-06,1396,increase
361,NIHRcommunity,0.0,0.0,1387,no change
1218,NoNameThanksMa,9.911686869988404e-07,1.2165936254874537e-06,1341,increase
487,UKHSA,0.0,0.0,1320,no change
275,ChrisEd16512812,0.0,0.0,1268,no change
470,NovElection2024,0.0,0.0,1255,no change
478,IDPH,0.0,0.0,1252,no change
156,BHOCPartners,9.911686869988404e-07,1.2165936254874537e-06,1237,increase
443,HeySlattz,0.0,0.0,1185,no change
4,Not_the_Bee,0.0001694898454768017,0.00015366918859904518,1185,decrease
1168,billandtuna,2.775272323596753e-05,4.394970276176526e-05,1161,increase
1163,truthisjustice2,9.911686869988404e-06,1.3077928780323763e-05,1105,increase
614,KomodoHealth,0.0,0.0,1033,no change
290,stephensemler,9.911686869988404e-07,1.2165936254874537e-06,1022,increase
617,ZombifiedMedia,0.0,0.0,1012,no change
641,ValeriaRoman,0.0,0.0,1007,no change
731,a1_bloke,0.0,0.0,1007,no change
730,TARDIS75,0.0,0.0,1005,no change
639,BDruider,0.0,0.0,1003,no change
1415,TCPHtweets,0.0,0.0,999,no change
632,FranMiFree,0.0,0.0,980,no change
175,Monkeypoxmeter,2.973506060996521e-06,3.2873026304844544e-06,979,increase
415,DeafRainbowUK,0.0,0.0,969,no change
624,HalodocID,0.0,0.0,964,no change
1374,SexySassyGenius,0.0,0.0,960,no change
459,CDCMMWR,0.0,0.0,954,no change
885,MoCoDHHS,0.0,0.0,953,no change
1369,Sargans2,0.0,0.0,953,no change
1367,ArbitraryReign,0.0,0.0,950,no change
1363,ProfKevinFenton,0.0,0.0,943,no change
1361,MilosZac,0.0,0.0,942,no change
1360,amymaxmen,0.0,0.0,941,no change
960,EricPhDing,1.982337373997681e-05,2.137002674200309e-05,938,increase
1123,NirTsabar,5.947012121993042e-06,7.934811938586374e-06,937,increase
1358,jeffntaxes,0.0,0.0,936,no change
1352,Kholo747,0.0,0.0,923,no change
421,amfAR,9.911686869988404e-07,1.2165936254874537e-06,919,increase
1348,CarlosdelRio7,0.0,0.0,918,no change
591,ibepacse,0.0,0.0,917,no change
1344,PNACstreetgang,0.0,0.0,914,no change
1336,HIVGov,0.0,0.0,907,no change
588,thecentersquare,0.0,0.0,904,no change
1107,maryloupatey,9.911686869988404e-07,1.2165936254874537e-06,899,increase
586,Ashley24706243,0.0,0.0,897,no change
583,ARSCORSE1,0.0,0.0,887,no change
1326,CUNY,0.0,0.0,883,no change
390,JpKillinsharps,0.0,0.0,880,no change
1323,GodAlcove,0.0,0.0,880,no change
1321,DrAJRodriguezM,0.0,0.0,879,no change
1319,ZalinskyS,0.0,0.0,878,no change
579,BillyBurnzy,0.0,0.0,873,no change
121,RolandBakerIII,6.046128990692926e-05,7.680662956007239e-05,870,increase
576,CNN,0.0,0.0,865,no change
1315,NSF,0.0,0.0,861,no change
140,DDPHE,0.0,0.0,860,no change
1311,NACCHOalerts,0.0,0.0,854,no change
16,reluctantlyjoe,2.973506060996521e-06,3.2873026304844544e-06,849,increase
572,bibimpg_ufrj,0.0,0.0,848,no change
1308,scoobschrisRL,0.0,0.0,846,no change
1304,ZNidaw,0.0,0.0,841,no change
1302,SLAY_NO,0.0,0.0,839,no change
571,Yonigussie,0.0,0.0,838,no change
1301,vbspurs,0.0,0.0,831,no change
1299,DrSamiSchalk,0.0,0.0,830,no change
1297,THTCymru,0.0,0.0,825,no change
1295,wingod,0.0,0.0,820,no change
563,AnswersNetwork,0.0,0.0,815,no change
1291,HCNowRadio,0.0,0.0,813,no change
1290,THTorguk,0.0,0.0,812,no change
1078,mayocliniclabs,9.911686869988404e-07,1.2165936254874537e-06,809,increase
1041,jiggyjayy2,0.0,0.0,799,no change
557,ufmg,0.0,0.0,795,no change
914,KindrachukJason,2.973506060996521e-06,3.2873026304844544e-06,782,increase
1268,TheDeniseFlores,0.0,0.0,780,no change
554,15bnNdrf,0.0,0.0,778,no change
1264,VanirErik,0.0,0.0,772,no change
1260,ChamiltonCEO,0.0,0.0,767,no change
1258,Phil_Lewis_,0.0,0.0,765,no change
1256,B_Abstract,0.0,0.0,764,no change
1174,ncdhhs,9.911686869988404e-07,1.2165936254874537e-06,761,increase
550,MailMyStatement,0.0,0.0,758,no change
1251,AmeshAA,0.0,0.0,756,no change
547,NYTHealth,0.0,0.0,751,no change
545,CDC_eHealth,0.0,0.0,745,no change
544,ThePharmaLetter,0.0,0.0,743,no change
1245,ARAllianceOrg,0.0,0.0,741,no change
543,pozmagazine,0.0,0.0,740,no change
540,monkeypox_stats,0.0,0.0,729,no change
1237,ChicoRingler,0.0,0.0,723,no change
1236,johngounaris,0.0,0.0,722,no change
427,UAMS_DBMI,0.0,0.0,710,no change
536,tigresseleanor,0.0,0.0,709,no change
1045,RyanTolson4,0.0,0.0,701,no change
533,Ssirr57,0.0,0.0,690,no change
1227,adynski,0.0,0.0,687,no change
1222,HungAladdin,0.0,0.0,677,no change
525,wwright75,0.0,0.0,660,no change
1213,idlette,0.0,0.0,658,no change
263,Monkeypoxx,0.0,0.0,657,no change
524,MeganMc_Littler,0.0,0.0,655,no change
1209,DNCClimate,0.0,0.0,652,no change
1199,Dr_Lalombriz_P,0.0,0.0,638,no change
1189,ColumbiaSIG,0.0,0.0,623,no change
515,chineseciv,0.0,0.0,621,no change
514,AnonRawBooty,0.0,0.0,619,no change
1185,UKHSA_WestMids,0.0,0.0,617,no change
1181,CoolHand8271,0.0,0.0,605,no change
507,12erock,0.0,0.0,602,no change
505,nypost,0.0,0.0,600,no change
235,redouad,9.911686869988404e-06,9.996375310366883e-06,597,increase
1175,KodyKinsley,0.0,0.0,589,no change
500,Qual_Insights,0.0,0.0,585,no change
1171,sbABetterLeader,0.0,0.0,583,no change
1170,MarieFleur3,0.0,0.0,582,no change
495,FDRLST,9.911686869988404e-07,1.2165936254874537e-06,571,increase
493,CraigCaplan,0.0,0.0,569,no change
993,truthhurts_the,0.0,0.0,559,no change
1161,LazarusLong13,0.0,0.0,544,no change
1160,DukeU,0.0,0.0,543,no change
482,RadioJamaicaFM,0.0,0.0,542,no change
1157,CovidEcoles,0.0,0.0,540,no change
1155,sleepyknave,0.0,0.0,538,no change
1152,JosephTucker,0.0,0.0,532,no change
201,GiveUsAQuid,0.0,0.0,525,no change
1148,UptTarzan,0.0,0.0,520,no change
475,RusticusShack18,0.0,0.0,518,no change
1145,JabariBrisport,0.0,0.0,516,no change
1143,ParaMicroBio,0.0,0.0,511,no change
472,zewdu_mawcha,0.0,0.0,510,no change
1141,navajodephealth,0.0,0.0,508,no change
1139,KMOV,0.0,0.0,507,no change
1137,theiagen,0.0,0.0,506,no change
1135,mjandrejko,0.0,0.0,505,no change
1134,JenniferShutt,1.2885192930984925e-05,1.6826682001424364e-05,504,increase
1131,AfricaCDC,0.0,0.0,494,no change
1130,RaquelaHernand,0.0,0.0,489,no change
1126,lizhenry,0.0,0.0,476,no change
302,NJDeptofHealth,0.0,0.0,467,no change
1122,LayahHeilpern,0.0,0.0,465,no change
1120,TAGTeam_Tweets,0.0,0.0,464,no change
1118,oumgbako,0.0,0.0,463,no change
1116,themohwgovjm,0.0,0.0,462,no change
1113,MedResJourno,0.0,0.0,453,no change
1110,LizHighleyman,0.0,0.0,450,no change
1105,Frutebrute1,0.0,0.0,446,no change
1102,tododiaarmy,0.0,0.0,441,no change
1100,JJVergaraDiaz,0.0,0.0,440,no change
1097,itech_network,0.0,0.0,437,no change
1095,ClarkCardone,0.0,0.0,436,no change
449,MiamiDadeEM,0.0,0.0,430,no change
1091,BUCEID,0.0,0.0,428,no change
448,CPA_Trendlines,0.0,0.0,427,no change
834,tmhtesting,0.0,0.0,425,no change
359,SkinOfColor,9.911686869988404e-07,1.5864789555116968e-06,425,increase
41,HITE_SITE,0.0,0.0,425,no change
1090,phagafaga,0.0,0.0,424,no change
1088,awyllie13,0.0,0.0,423,no change
929,Quinloiz,1.9823373739976807e-06,2.689594843452729e-06,421,increase
1083,Lizmoh3,0.0,0.0,419,no change
358,NYCHealthCMO,4.955843434994202e-07,7.792408691286544e-07,417,increase
1081,TwiggySheri,0.0,0.0,408,no change
316,mizzbeethebody,9.911686869988404e-07,1.2165936254874537e-06,405,increase
1076,WhiteBearWhitey,0.0,0.0,403,no change
151,Eurosurveillanc,2.775272323596753e-05,2.6499100283749866e-05,401,decrease
29,nycHealthy,2.676155454896869e-05,3.3391038425845086e-05,396,increase
379,AgenciaOjo,0.0,0.0,393,no change
907,StonewallChico,9.911686869988404e-07,1.2165936254874537e-06,388,increase
1069,waasabaay,0.0,0.0,388,no change
441,VictorianCHO,0.0,0.0,387,no change
1066,rickberke,0.0,0.0,385,no change
939,david2400,9.911686869988404e-07,1.2165936254874537e-06,375,increase
1058,BigDick_Will_,0.0,0.0,365,no change
435,diariofarma,0.0,0.0,364,no change
1053,calicoestrella,0.0,0.0,360,no change
878,drpatesblog,0.0,0.0,360,no change
1051,ISGLOBALorg,0.0,0.0,356,no change
1048,Rainbw_mansion,0.0,0.0,353,no change
1046,marteneriksson,0.0,0.0,352,no change
1043,johnnydollar01,0.0,0.0,349,no change
1038,chainsawwade1,0.0,0.0,346,no change
1037,GenetixVideos,0.0,0.0,343,no change
1035,Wallythegoat666,0.0,0.0,342,no change
343,e_Avversi,0.0,0.0,341,no change
430,ArlCoVAPatch,0.0,0.0,339,no change
930,skier_doc,1.9823373739976807e-06,2.689594843452729e-06,337,increase
1032,Wyatt1Johnson,0.0,0.0,337,no change
76,19thnews,0.0,0.0,337,no change
366,UCLALuskin,0.0,0.0,333,no change
207,upcells,2.973506060996521e-06,3.2873026304844544e-06,331,increase
1027,davidray_17,0.0,0.0,330,no change
1025,dollysays_,0.0,0.0,329,no change
1022,MagaMann82,0.0,0.0,324,no change
426,NPR,0.0,0.0,321,no change
1020,GChristiemd,0.0,0.0,318,no change
1018,Poet_Bryan1,0.0,0.0,317,no change
1014,amymitchellart,0.0,0.0,315,no change
423,ElsevierConnect,0.0,0.0,311,no change
419,Delanee_,0.0,0.0,306,no change
418,SuperTalkNews,0.0,0.0,304,no change
417,akheriaty,0.0,0.0,302,no change
149,NewsMedical,9.911686869988404e-06,9.996375310366883e-06,300,increase
1009,ScowcroftTAMU,0.0,0.0,300,no change
1007,bergevina1,0.0,0.0,299,no change
1003,r8a4f9RT208,0.0,0.0,295,no change
998,chadfelixg,0.0,0.0,290,no change
414,AliAdamos,0.0,0.0,289,no change
919,fitcleveguy1,9.911686869988404e-07,1.2165936254874537e-06,287,increase
995,Hsolamartin,0.0,0.0,286,no change
412,GiGiCaponePR,0.0,0.0,285,no change
991,NOgnanovich,0.0,0.0,271,no change
989,Miellettes,0.0,0.0,270,no change
407,AppropsDems,0.0,0.0,269,no change
406,Edison_Inv_Res,0.0,0.0,265,no change
355,ROINJNews,0.0,0.0,265,no change
984,levycorreia,0.0,0.0,262,no change
982,Downg0esfrazier,0.0,0.0,260,no change
978,TheKingofReads,0.0,0.0,253,no change
975,Adlers1,0.0,0.0,251,no change
971,LshtmB,0.0,0.0,247,no change
400,Bobettio,0.0,0.0,246,no change
968,iyoba4u,0.0,0.0,244,no change
399,HousatonicLive,0.0,0.0,238,no change
292,zainrizvi,9.911686869988404e-06,1.2991509470514248e-05,232,increase
395,DestroRr2,0.0,0.0,230,no change
393,Monkeypoxtally,0.0,0.0,228,no change
224,SantePubliqueFr,0.0,0.0,218,no change
237,OneTwo47929160,0.0,0.0,212,no change
389,SDCountyHHSA,0.0,0.0,211,no change
950,Rana_pipiens,0.0,0.0,208,no change
383,Zach__Frank,0.0,0.0,200,no change
244,washingtonpost,9.911686869988404e-07,1.2165936254874537e-06,195,increase
944,Robnda216,0.0,0.0,195,no change
381,RickGuasco,0.0,0.0,194,no change
943,science_seattle,0.0,0.0,192,no change
100,Spectra_London,0.0,0.0,191,no change
940,bizcochitobby,0.0,0.0,186,no change
938,hq_temp_tatz,0.0,0.0,185,no change
373,VioletEglantine,0.0,0.0,179,no change
233,sambadouro,0.0,0.0,175,no change
934,ABecenti,0.0,0.0,175,no change
370,aafp,0.0,0.0,174,no change
369,drgilada,0.0,0.0,172,no change
857,Tiagolattari,0.0,0.0,170,no change
933,TheBlooch,0.0,0.0,170,no change
8,RepMikeQuigley,1.3876361617983764e-05,1.5439428021741472e-05,166,increase
365,cathyhobart,0.0,0.0,164,no change
330,CUEpidemiology,0.0,0.0,164,no change
116,ChiPublicHealth,2.973506060996521e-06,3.2873026304844544e-06,163,increase
364,Puryear_3,0.0,0.0,161,no change
307,Rpshahmemorial1,0.0,0.0,160,no change
703,TransLatina_C,0.0,0.0,160,no change
715,Locala_Safesex,0.0,0.0,157,no change
227,sfls_vih,9.911686869988404e-07,1.2165936254874537e-06,154,increase
362,picardonhealth,0.0,0.0,153,no change
327,crwequine,0.0,0.0,152,no change
734,editorji,0.0,0.0,149,no change
162,MagicMikeHung1,1.4867530304982605e-05,1.4637400128200857e-05,149,decrease
11,LGBTEqCaucus,4.955843434994202e-06,6.650789148967879e-06,145,increase
1384,guty2370,0.0,0.0,143,no change
917,gregtannen,0.0,0.0,142,no change
282,136sooverit62,0.0,0.0,140,no change
705,twitmercan,0.0,0.0,140,no change
278,Forbes,0.0,0.0,136,no change
337,SpookyLCSW,0.0,0.0,134,no change
916,OddlyGreen,0.0,0.0,134,no change
129,israfermoreno,2.973506060996521e-06,3.2873026304844544e-06,130,increase
276,AAPSonline,0.0,0.0,130,no change
353,ethicsinthenews,0.0,0.0,129,no change
273,yowchuan,0.0,0.0,128,no change
274,misscasiolrmy,0.0,0.0,126,no change
272,WHO,6.14524585939281e-05,7.652269265305534e-05,124,increase
351,Anti__Globalism,0.0,0.0,123,no change
271,WeAreHTSD,0.0,0.0,122,no change
269,FlavioCuter,0.0,0.0,120,no change
348,Mrg305,0.0,0.0,119,no change
909,SSalud_Tab,0.0,0.0,112,no change
342,jewstein3000,0.0,0.0,107,no change
772,CovidDataReport,2.973506060996521e-06,3.2873026304844544e-06,105,increase
340,NeZha219,0.0,0.0,104,no change
904,WHOEMRO,0.0,0.0,102,no change
903,TacosTriggers1,0.0,0.0,101,no change
902,overratedpunk,0.0,0.0,100,no change
900,Habte92144258,0.0,0.0,99,no change
109,1010WINS,2.973506060996521e-06,3.2873026304844544e-06,97,increase
257,ndtvfeed,0.0,0.0,97,no change
898,laurieallee,0.0,0.0,96,no change
142,pridecenterSI,9.911686869988404e-07,1.2165936254874537e-06,96,increase
336,UKHSA_YandH,0.0,0.0,95,no change
255,DailySabah,0.0,0.0,95,no change
334,wedi_suhul1,0.0,0.0,93,no change
253,APPG_HIV_AIDS,0.0,0.0,93,no change
332,gobills_norcal,0.0,0.0,89,no change
35,KarinWappmann,0.0,0.0,89,no change
750,avds,0.0,0.0,88,no change
3,GMHC,0.0,0.0,88,no change
106,glaad,6.938180808991882e-06,8.780917156741655e-06,87,increase
155,Gundrummer69,0.0,0.0,87,no change
70,AfricanServices,0.0,0.0,86,no change
154,nyk_new,0.0,0.0,85,no change
832,BSrichawlaDO,0.0,0.0,83,no change
248,Fred_Colby,0.0,0.0,83,no change
222,agenceANRS,9.911686869988404e-07,1.2165936254874537e-06,83,increase
97,HarperCollege,0.0,0.0,82,no change
246,l_glover5,0.0,0.0,81,no change
96,LianRowan,0.0,0.0,80,no change
13,CookCoHealth,1.2885192930984925e-05,1.6231815610676193e-05,79,increase
1,JakeSheridan_,0.0,0.0,79,no change
852,letsbeafineline,0.0,0.0,79,no change
329,SFDermatologie,0.0,0.0,79,no change
861,Damn_Tea,0.0,0.0,77,no change
94,Aricariman1,0.0,0.0,76,no change
240,MattBossons,0.0,0.0,74,no change
325,genarolozano,0.0,0.0,69,no change
323,claragweny,0.0,0.0,67,no change
177,GautengHealth,0.0,0.0,67,no change
120,PoudellCharles,4.955843434994202e-06,6.646419520358042e-06,66,increase
321,Daybreak_Health,0.0,0.0,61,no change
232,WGRZ,0.0,0.0,59,no change
320,ProfMBassetti,0.0,0.0,59,no change
230,TORCHOxford,0.0,0.0,57,no change
836,EddystoneTrust,0.0,0.0,57,no change
152,bahajolaf,0.0,0.0,56,no change
890,LeechFestPod,0.0,0.0,56,no change
229,MarketWatch,0.0,0.0,55,no change
889,realHayman,0.0,0.0,55,no change
888,evolving_string,0.0,0.0,54,no change
830,haveabj,0.0,0.0,52,no change
190,epocrates,0.0,0.0,52,no change
854,JustnEqual4all,0.0,0.0,51,no change
678,AUBMC_Official,0.0,0.0,51,no change
314,DrM_OnSpeaking,0.0,0.0,50,no change
839,CeylanSoley,0.0,0.0,48,no change
708,DefiledHorror,0.0,0.0,46,no change
312,AllenHaddick,0.0,0.0,45,no change
104,airnyc,0.0,0.0,45,no change
740,RedDoorChannel,0.0,0.0,44,no change
219,realTuckFrumper,0.0,0.0,44,no change
310,DrJudyMonroe,0.0,0.0,43,no change
784,chzchopgnipgnop,0.0,0.0,43,no change
717,GinaMurrell1,0.0,0.0,41,no change
725,WLVRNews,0.0,0.0,41,no change
203,LoGillian1,0.0,0.0,40,no change
605,IDAdvance,0.0,0.0,40,no change
681,ARS_NAquit,0.0,0.0,40,no change
77,FringeViews,9.911686869988404e-07,1.2165936254874537e-06,40,increase
701,WitchDrTim,0.0,0.0,39,no change
884,J3s__us,0.0,0.0,39,no change
81,Gally66kg,0.0,0.0,39,no change
170,SamySosaSyringe,0.0,0.0,38,no change
851,londeixp,0.0,0.0,38,no change
737,michaelwvilla,0.0,0.0,38,no change
117,TrevisDampierM1,0.0,0.0,37,no change
213,vixenworkers,0.0,0.0,37,no change
817,topcat430,0.0,0.0,36,no change
600,Heypierinaa,0.0,0.0,35,no change
303,orfonline,0.0,0.0,35,no change
124,jsolomonReports,0.0,0.0,34,no change
210,nicolamlow,0.0,0.0,33,no change
721,YogiMan2021,9.911686869988404e-07,1.2165936254874537e-06,32,increase
126,JustTheNews,0.0,0.0,32,no change
167,EuphaIdc,0.0,0.0,32,no change
115,epicenter_nyc,0.0,0.0,32,no change
813,smitten312,0.0,0.0,32,no change
208,KObayashidoroth,0.0,0.0,31,no change
773,DavidHarveyC,0.0,0.0,31,no change
837,DrVeller,0.0,0.0,30,no change
52,nrc_rim,0.0,0.0,30,no change
710,Alexholmes2222,0.0,0.0,30,no change
30,wcpublichealth,0.0,0.0,29,no change
812,TruthAddict11,0.0,0.0,29,no change
125,TheReaderA,0.0,0.0,28,no change
1397,MyHomeLabs,0.0,0.0,28,no change
655,FionaStJamesDS9,0.0,0.0,27,no change
58,wearephsny,0.0,0.0,26,no change
805,PghLesbian24,0.0,0.0,26,no change
1395,potpoxmonkey,0.0,0.0,26,no change
843,UNESCO_fr,0.0,0.0,25,no change
42,LGBTCenterNYC,0.0,0.0,24,no change
797,wcbs880,0.0,0.0,24,no change
552,NHS_GM,0.0,0.0,24,no change
608,ABIAIDS,0.0,0.0,24,no change
719,AleX_SzHz,0.0,0.0,24,no change
204,pamelacurr,0.0,0.0,23,no change
294,gvrdenctrl,0.0,0.0,22,no change
808,OPFORPio,0.0,0.0,22,no change
47,EliKnesol,9.911686869988404e-07,1.2165936254874537e-06,21,increase
137,them,0.0,0.0,21,no change
122,microbilogy,0.0,0.0,20,no change
606,OntheGroundWI,0.0,0.0,20,no change
68,One_Colorado,0.0,0.0,20,no change
724,PPosledovich,0.0,0.0,19,no change
746,TIICANN,9.911686869988404e-07,1.2165936254874537e-06,18,increase
685,ViventHealth,0.0,0.0,18,no change
541,RIHEALTH,0.0,0.0,18,no change
176,drariyanalovely,0.0,0.0,17,no change
78,MiguelDante,0.0,0.0,16,no change
879,magnumoppis,0.0,0.0,16,no change
159,dr_demetre,0.0,0.0,16,no change
775,itrixy,0.0,0.0,16,no change
1393,osekoer,0.0,0.0,16,no change
65,sdcltrc,0.0,0.0,15,no change
604,KarlBau35787590,0.0,0.0,15,no change
691,gilbertdig2021,0.0,0.0,14,no change
674,jamaicanrabbit5,0.0,0.0,14,no change
1406,SianGissingMcM,0.0,0.0,13,no change
63,Zo8541,0.0,0.0,13,no change
649,ReNellGlover,0.0,0.0,13,no change
198,Echinanews,0.0,0.0,13,no change
648,TransClinique,0.0,0.0,12,no change
672,WeAreNotFood,0.0,0.0,12,no change
780,BurkeLynne,0.0,0.0,12,no change
846,justaneighsayer,0.0,0.0,11,no change
1386,sureshlp1,0.0,0.0,11,no change
779,JosephHeskin,0.0,0.0,11,no change
1409,MicrobesInfo,0.0,0.0,11,no change
875,HardyC888,0.0,0.0,10,no change
195,8NEWS,0.0,0.0,10,no change
688,ManiacXaq,0.0,0.0,10,no change
694,StacieinAtlanta,0.0,0.0,10,no change
764,Wordsmith1327,0.0,0.0,10,no change
763,DeanPNHalkitis,0.0,0.0,9,no change
873,femmexi,0.0,0.0,9,no change
599,OneHealthEJP,0.0,0.0,8,no change
698,Revista_FSL,0.0,0.0,8,no change
286,TheRealMrSee,0.0,0.0,8,no change
647,HatlaneBaloyi,0.0,0.0,8,no change
194,hicksyalex,0.0,0.0,8,no change
744,Captain_Obvio,0.0,0.0,7,no change
1387,singhpiya735,0.0,0.0,7,no change
684,francois_emery,0.0,0.0,6,no change
1403,PanAfricare_Ng,0.0,0.0,6,no change
192,LauraMiers,0.0,0.0,6,no change
1401,WeShieldUS,0.0,0.0,5,no change
1407,GenHawaii,0.0,0.0,5,no change
792,ISGMH,0.0,0.0,5,no change
983,hmarianeves,0.0,0.0,0,no change
1371,5MinMedievalist,0.0,0.0,0,no change
974,Man2ManIreland,0.0,0.0,0,no change
1381,DoctorAlexis1,0.0,0.0,0,no change
1382,CashApp,0.0,0.0,0,no change
1004,samijarrah,0.0,0.0,0,no change
1005,ChellyJellyBeen,0.0,0.0,0,no change
972,DodieThedodes77,0.0,0.0,0,no change
1006,AMC_Apee,0.0,0.0,0,no change
1008,BushSchool,0.0,0.0,0,no change
1370,b50921860,0.0,0.0,0,no change
1010,supertalk,0.0,0.0,0,no change
1011,imkureus,0.0,0.0,0,no change
1012,mami78177244,0.0,0.0,0,no change
1013,FlorenceOfLabia,0.0,0.0,0,no change
1368,MamolkcsMamol,0.0,0.0,0,no change
1015,BoatMateARS,0.0,0.0,0,no change
1383,ederandres152,0.0,0.0,0,no change
1366,HangOnGetReady,0.0,0.0,0,no change
1017,AYAPROW_BIGGFUN,0.0,0.0,0,no change
1365,WisconsinWatch,0.0,0.0,0,no change
1019,AFertileHeart,0.0,0.0,0,no change
1364,MayorOfMKE,0.0,0.0,0,no change
1021,ketchmeifucan,0.0,0.0,0,no change
970,alejols,0.0,0.0,0,no change
1380,GeoEpidemiology,0.0,0.0,0,no change
1002,tesla_kislo,0.0,0.0,0,no change
1377,CaribbeanUN,0.0,0.0,0,no change
1378,newyorkoffroad,0.0,0.0,0,no change
985,wEGwwJLrWCxjylA,0.0,0.0,0,no change
1376,antonioguterres,0.0,0.0,0,no change
987,twellness,0.0,0.0,0,no change
981,Herxselflove,0.0,0.0,0,no change
988,yonny_s,0.0,0.0,0,no change
1375,NUFrance,0.0,0.0,0,no change
980,JLDempere,0.0,0.0,0,no change
990,tufkaa,0.0,0.0,0,no change
979,MadiV4,0.0,0.0,0,no change
992,DevastationIncp,0.0,0.0,0,no change
969,murp_annie612,0.0,0.0,0,no change
1379,AmateurMatiz,0.0,0.0,0,no change
1373,K_JeanPierre,0.0,0.0,0,no change
994,ChicoSexProf,0.0,0.0,0,no change
996,Dabearkinglh,0.0,0.0,0,no change
977,authetnic,0.0,0.0,0,no change
976,NWRailways,0.0,0.0,0,no change
997,lostvegas911,0.0,0.0,0,no change
1372,dividejen,0.0,0.0,0,no change
999,LeitoVr,0.0,0.0,0,no change
1000,healLGBTea,0.0,0.0,0,no change
1001,benryanwriter,0.0,0.0,0,no change
1200,mayagoldman_,0.0,0.0,0,no change
949,AndresP00797770,0.0,0.0,0,no change
1385,PatentMasks,0.0,0.0,0,no change
915,CerTestBiotec,0.0,0.0,0,no change
887,northern_flickr,0.0,0.0,0,no change
891,corgi_lover,0.0,0.0,0,no change
892,NickelGalbraith,0.0,0.0,0,no change
893,bennessb,0.0,0.0,0,no change
894,kasza_leslie,0.0,0.0,0,no change
895,CristelleJoly,0.0,0.0,0,no change
896,MayorsPEU,0.0,0.0,0,no change
897,PlayTastik,0.0,0.0,0,no change
1411,CalEndow,0.0,0.0,0,no change
899,GHargraveWrites,0.0,0.0,0,no change
1410,Whatdoesitmake,0.0,0.0,0,no change
901,AndrewH10280171,9.911686869988404e-07,1.2165936254874537e-06,0,increase
1408,FBerdougo,0.0,0.0,0,no change
905,mofazhuzhu,0.0,0.0,0,no change
906,acciokarina,0.0,0.0,0,no change
908,SallyChi2,0.0,0.0,0,no change
1405,eanaid2,0.0,0.0,0,no change
910,mayo4u,0.0,0.0,0,no change
911,CryptoQFS2021,0.0,0.0,0,no change
912,e_daisyjackson7,0.0,0.0,0,no change
913,WarmGingerTea,0.0,0.0,0,no change
886,Amanuel47926502,0.0,0.0,0,no change
1412,Sha13150844,0.0,0.0,0,no change
1413,BrittSween,0.0,0.0,0,no change
870,Francesco_Rizz_,0.0,0.0,0,no change
863,giannis30fyl,0.0,0.0,0,no change
864,SciTania,0.0,0.0,0,no change
865,echo_masters,0.0,0.0,0,no change
1420,Funnygalore2,0.0,0.0,0,no change
866,elicolie,0.0,0.0,0,no change
867,JoelHDYT,0.0,0.0,0,no change
868,anthraxxx781,0.0,0.0,0,no change
1419,hxie_m,0.0,0.0,0,no change
869,AldolpheMiliban,0.0,0.0,0,no change
871,eugene_goebel,0.0,0.0,0,no change
882,virology_chitra,0.0,0.0,0,no change
872,TanmoyDasLala,0.0,0.0,0,no change
874,holdsugar9196,0.0,0.0,0,no change
876,mjblair,0.0,0.0,0,no change
1418,95LouieG,0.0,0.0,0,no change
1417,nikroybal,0.0,0.0,0,no change
1416,PocDaAfronta,0.0,0.0,0,no change
880,CostOfNukes,0.0,0.0,0,no change
1414,_thebrunswick_,0.0,0.0,0,no change
881,petthekat,0.0,0.0,0,no change
1404,ChicagoBACP,0.0,0.0,0,no change
1402,dublarman,0.0,0.0,0,no change
967,AAAquaponics,2.973506060996521e-06,3.2873026304844544e-06,0,increase
918,bioberni,0.0,0.0,0,no change
946,MonkeyPoxJake,0.0,0.0,0,no change
948,thtkidchristian,0.0,0.0,0,no change
1023,orme_duncan,0.0,0.0,0,no change
1390,CoyoteGulch,0.0,0.0,0,no change
951,alyxschubert,0.0,0.0,0,no change
952,livewell_sd,0.0,0.0,0,no change
953,SherriM12714590,0.0,0.0,0,no change
954,hippyhappyme,0.0,0.0,0,no change
955,NRandCo,0.0,0.0,0,no change
956,masteracestick,0.0,0.0,0,no change
1389,prof_goldberg,0.0,0.0,0,no change
957,dnw72,0.0,0.0,0,no change
958,realjoewms,0.0,0.0,0,no change
1388,denverrescue,0.0,0.0,0,no change
959,MichaelBerrySho,0.0,0.0,0,no change
961,StressedMadness,0.0,0.0,0,no change
962,MaurizioCarrar8,0.0,0.0,0,no change
963,JacobsenTeo,0.0,0.0,0,no change
964,Jugg_Que_Naut,0.0,0.0,0,no change
965,alexiablohmuk,0.0,0.0,0,no change
966,PatrickEllisWx,0.0,0.0,0,no change
1391,QueenofTacos,0.0,0.0,0,no change
945,CleDPH,0.0,0.0,0,no change
1392,France_UNESCO,0.0,0.0,0,no change
928,lalah562,0.0,0.0,0,no change
920,brenerXXL,0.0,0.0,0,no change
921,BlueStar616,0.0,0.0,0,no change
922,NIHRCRN_nthames,0.0,0.0,0,no change
923,equitylist,0.0,0.0,0,no change
924,MrOk72112026,0.0,0.0,0,no change
925,ThaisaHughes,0.0,0.0,0,no change
926,GCurry79,0.0,0.0,0,no change
1400,fintel_io,0.0,0.0,0,no change
927,METROCharity,0.0,0.0,0,no change
1399,emhearn1,0.0,0.0,0,no change
942,Panorama360SV,0.0,0.0,0,no change
931,lisa_iannattone,0.0,0.0,0,no change
932,DementedMinx,0.0,0.0,0,no change
1398,jonbarrymartin,0.0,0.0,0,no change
935,CristinaAmazon,0.0,0.0,0,no change
936,kdcheek,0.0,0.0,0,no change
937,CreditKing6,0.0,0.0,0,no change
1396,Susan_L_Moore,0.0,0.0,0,no change
1394,exploitmoney,0.0,0.0,0,no change
941,RivCoNow,0.0,0.0,0,no change
1362,SamBuca45,0.0,0.0,0,no change
1042,SMACK2022,0.0,0.0,0,no change
1024,Dabestucanbuy,0.0,0.0,0,no change
1246,EU_Commission,0.0,0.0,0,no change
1147,kaybooqie_,0.0,0.0,0,no change
1269,iKickCloudsToo,0.0,0.0,0,no change
1149,XAngelPaulX,0.0,0.0,0,no change
1150,IndivisibleIL,0.0,0.0,0,no change
1151,RevMelanieNOLA,0.0,0.0,0,no change
1267,TMackenzieH,0.0,0.0,0,no change
1266,das_cooler,0.0,0.0,0,no change
1265,Poorangiri52,0.0,0.0,0,no change
1153,juliam_dc,0.0,0.0,0,no change
1154,Lunaanya8,9.911686869988404e-07,1.2165936254874537e-06,0,increase
1263,hogmagandy,0.0,0.0,0,no change
1156,Rachell_emilly,0.0,0.0,0,no change
1262,mr_luck07,0.0,0.0,0,no change
1261,ScoobySteve15,0.0,0.0,0,no change
1259,KindClinicTX,0.0,0.0,0,no change
1158,lweeziejane,0.0,0.0,0,no change
1255,tracyabeln1,0.0,0.0,0,no change
1159,RantingSid,0.0,0.0,0,no change
1254,HealthierNWL,0.0,0.0,0,no change
1253,ebciphhs,0.0,0.0,0,no change
1252,jackmolay,0.0,0.0,0,no change
1162,LordofHardwired,0.0,0.0,0,no change
1250,adikkeluangman,0.0,0.0,0,no change
1249,GoodGravySMH,0.0,0.0,0,no change
1164,InfectiousDz,1.7841036365979127e-05,2.707651388636197e-05,0,increase
1146,vcolliver,0.0,0.0,0,no change
1144,humihuru,0.0,0.0,0,no change
1270,NitaBonitax,0.0,0.0,0,no change
1278,MolloySociology,0.0,0.0,0,no change
1121,LeverageMonkey,0.0,0.0,0,no change
1284,WickedMaverick,0.0,0.0,0,no change
1283,4starGeneral17,0.0,0.0,0,no change
1124,yaneerbaryam,0.0,0.0,0,no change
1125,bway3rd,0.0,0.0,0,no change
1282,Corona_Lisa__,0.0,0.0,0,no change
1127,MariaCabadas,0.0,0.0,0,no change
1128,BigCitiesHealth,0.0,0.0,0,no change
1129,couponmommyjen,0.0,0.0,0,no change
1281,SharkySea,0.0,0.0,0,no change
1279,Chopshop_Gator,0.0,0.0,0,no change
1132,ValSue6,0.0,0.0,0,no change
1142,luisotobajas,0.0,0.0,0,no change
1277,AlonsoNeuroEnd,0.0,0.0,0,no change
1276,Colaborattus,0.0,0.0,0,no change
1133,kraus_read,0.0,0.0,0,no change
1275,_Mahlick,0.0,0.0,0,no change
1274,twitaco,0.0,0.0,0,no change
1136,sevinsky,0.0,0.0,0,no change
1273,EmpressNorton,0.0,0.0,0,no change
1138,ehocstl,0.0,0.0,0,no change
1272,wordjuggler,0.0,0.0,0,no change
1140,NavajoGovDev,0.0,0.0,0,no change
1271,IL_Advance,0.0,0.0,0,no change
1248,Alefesga,0.0,0.0,0,no change
1244,uamshealth,0.0,0.0,0,no change
1359,Alice_Porter,0.0,0.0,0,no change
1165,WFMurphy2,0.0,0.0,0,no change
1221,ZebraAccess,0.0,0.0,0,no change
1186,KeepitRealTea,0.0,0.0,0,no change
1187,rafa_kaxio,0.0,0.0,0,no change
1220,ProfFieri,0.0,0.0,0,no change
1188,ColumbiaSSW,0.0,0.0,0,no change
1219,natsechobbyist,0.0,0.0,0,no change
1190,e_cisc,0.0,0.0,0,no change
1217,mmercer01,0.0,0.0,0,no change
1191,Gebre1106,0.0,0.0,0,no change
1192,income_us,0.0,0.0,0,no change
1216,mxrilesy,0.0,0.0,0,no change
1194,albyrob,0.0,0.0,0,no change
1212,theequeen92,0.0,0.0,0,no change
1211,grannynannynews,0.0,0.0,0,no change
1195,MinofHealthUG,0.0,0.0,0,no change
1196,PatrioticPurple,0.0,0.0,0,no change
1210,CookStevenD,0.0,0.0,0,no change
1208,bhrenton,0.0,0.0,0,no change
1207,davidalim,0.0,0.0,0,no change
1198,ChrisRB89,0.0,0.0,0,no change
1206,tico_tonito,0.0,0.0,0,no change
1205,Briannaehley,0.0,0.0,0,no change
1204,ericearling,0.0,0.0,0,no change
1203,zachlipton,0.0,0.0,0,no change
1202,AnthonyJGranado,0.0,0.0,0,no change
1184,caryncoxphealth,0.0,0.0,0,no change
1183,Birder_Katie,0.0,0.0,0,no change
1223,SociologyTheory,0.0,0.0,0,no change
1172,jamespmanley,0.0,0.0,0,no change
1166,laFemmeArsene,0.0,0.0,0,no change
1243,EqualityFed,0.0,0.0,0,no change
1242,Stevechen_,0.0,0.0,0,no change
1241,clandersen,0.0,0.0,0,no change
1240,Rachelagain,0.0,0.0,0,no change
1239,TonyFauci2,0.0,0.0,0,no change
1235,mrtyler7,0.0,0.0,0,no change
1169,knotoon,0.0,0.0,0,no change
1234,HealthNewsIll,0.0,0.0,0,no change
1233,RobinCogan,0.0,0.0,0,no change
1232,Cekeldendeckard,0.0,0.0,0,no change
1173,yoda,0.0,0.0,0,no change
1182,dougshealth80,0.0,0.0,0,no change
1230,Research_Future,0.0,0.0,0,no change
1229,YammyAlex,0.0,0.0,0,no change
1228,ThePatWhalen,0.0,0.0,0,no change
1176,ENirenberg,0.0,0.0,0,no change
1177,carminaovargas,0.0,0.0,0,no change
1178,Heart10Looks3,0.0,0.0,0,no change
1179,LANiCheallaigh,0.0,0.0,0,no change
1226,ICNurses,0.0,0.0,0,no change
1225,LauraEWeiss16,0.0,0.0,0,no change
1180,anuratenebris,0.0,0.0,0,no change
1224,Zachary_Cohen,0.0,0.0,0,no change
1119,TAGHIVscience,0.0,0.0,0,no change
1285,PeterBONGLewis,0.0,0.0,0,no change
1117,nyulangone,0.0,0.0,0,no change
1286,BennetGoldstein,0.0,0.0,0,no change
1050,rashina_kinase,0.0,0.0,0,no change
1340,wilkergaldino,0.0,0.0,0,no change
1052,Dinamico_7,0.0,0.0,0,no change
1339,eduardo_rubi,0.0,0.0,0,no change
1054,DrTao,0.0,0.0,0,no change
1055,AbundantLandUse,0.0,0.0,0,no change
1056,yo_farma,0.0,0.0,0,no change
1057,Lexii__G,0.0,0.0,0,no change
1337,Irishpeasent,0.0,0.0,0,no change
1059,CambHealth,0.0,0.0,0,no change
1060,MSF,0.0,0.0,0,no change
1061,UNICEF,0.0,0.0,0,no change
1062,WFP,0.0,0.0,0,no change
1063,UNAIDS,0.0,0.0,0,no change
1064,UNOCHA,0.0,0.0,0,no change
1065,Arwidner9,0.0,0.0,0,no change
1067,Malcolm41,0.0,0.0,0,no change
1068,NAT_AIDS_Trust,0.0,0.0,0,no change
1335,MAAETC,0.0,0.0,0,no change
1334,clefenby,0.0,0.0,0,no change
1333,MollyJongFast,0.0,0.0,0,no change
1070,EdwinCPark,0.0,0.0,0,no change
1071,DeadKennedyInS1,0.0,0.0,0,no change
1072,LilKrekka,0.0,0.0,0,no change
1073,therealsheep5,0.0,0.0,0,no change
1049,CRN_WMid,0.0,0.0,0,no change
1341,sarcastology,0.0,0.0,0,no change
1047,umbersupreme,0.0,0.0,0,no change
1033,NineTiger,0.0,0.0,0,no change
1357,qimster,0.0,0.0,0,no change
1356,Miguelmarzuma,0.0,0.0,0,no change
1026,de_radicalise,0.0,0.0,0,no change
1355,AgingOphelia,0.0,0.0,0,no change
1028,mglarriagaa,0.0,0.0,0,no change
1354,cooney_liz,0.0,0.0,0,no change
1029,BatmanLegoDC,0.0,0.0,0,no change
1030,uphcdaraganj01,0.0,0.0,0,no change
1031,Lancaster67,0.0,0.0,0,no change
1353,gere_fiyu,0.0,0.0,0,no change
1351,Solphendukaa,0.0,0.0,0,no change
1034,HSELive,0.0,0.0,0,no change
1342,mcmdcao,0.0,0.0,0,no change
1036,HectorGauthier1,0.0,0.0,0,no change
1350,RebecaHerreroS,0.0,0.0,0,no change
1349,sarahmupo,0.0,0.0,0,no change
1347,uabcfar,0.0,0.0,0,no change
1039,rharringtonSF,0.0,0.0,0,no change
1346,TheLawfare4all,0.0,0.0,0,no change
1040,boo_radley_,0.0,0.0,0,no change
1345,BryanTegomoh,0.0,0.0,0,no change
1201,dylanlscott,0.0,0.0,0,no change
1044,ConflictedIn,0.0,0.0,0,no change
1343,Rosana30298683,0.0,0.0,0,no change
1074,charles_gaba,0.0,0.0,0,no change
1075,PeterJCatania,0.0,0.0,0,no change
1332,EllieLiptak,0.0,0.0,0,no change
1294,iLoveSpaceForce,0.0,0.0,0,no change
1098,HHSGov,0.0,0.0,0,no change
1307,thegareth,0.0,0.0,0,no change
1306,TheRogerCohen,0.0,0.0,0,no change
1099,Geranes,0.0,0.0,0,no change
1305,dollyllamaX10,0.0,0.0,0,no change
1101,anyujinluv,0.0,0.0,0,no change
1103,MariaSammutMasc,0.0,0.0,0,no change
1104,JDCocchiarella,9.911686869988404e-07,1.2165936254874537e-06,0,increase
1303,trisity9,0.0,0.0,0,no change
1300,BobRichards57,0.0,0.0,0,no change
1296,theanarqhist,0.0,0.0,0,no change
1106,MichelleNewDay,0.0,0.0,0,no change
1309,rosanabferreira,0.0,0.0,0,no change
1293,Vallistar13,0.0,0.0,0,no change
1108,LaClason,0.0,0.0,0,no change
1109,aesthetics_grad,0.0,0.0,0,no change
1292,SilverBulletLLC,0.0,0.0,0,no change
1111,ddraigmam,0.0,0.0,0,no change
1112,FDA_Track,0.0,0.0,0,no change
1289,QueerCymru,9.911686869988404e-07,1.2165936254874537e-06,0,increase
1288,Enrique_trias23,0.0,0.0,0,no change
1114,John08092552,0.0,0.0,0,no change
1115,Janice_01595,0.0,0.0,0,no change
1287,jessezphd,0.0,0.0,0,no change
1096,rbtekk,0.0,0.0,0,no change
1094,davereaboi,9.911686869988404e-07,1.2165936254874537e-06,0,increase
1330,PettigrewFishi1,0.0,0.0,0,no change
1084,SomeGuy776,0.0,0.0,0,no change
1329,YouTube,0.0,0.0,0,no change
1077,ParasiteGal,0.0,0.0,0,no change
1328,hoadison1999,0.0,0.0,0,no change
1327,infoaiutucorsu1,0.0,0.0,0,no change
1079,moricemdphd,0.0,0.0,0,no change
1080,TreeWill303,0.0,0.0,0,no change
1325,BCHealthClinic1,0.0,0.0,0,no change
1324,JOCOHealth,0.0,0.0,0,no change
1082,lestageog,0.0,0.0,0,no change
1322,brosthemovie,0.0,0.0,0,no change
1320,joshuanbarbozam,0.0,0.0,0,no change
1085,Canadian_LadyK,0.0,0.0,0,no change
1093,highland_mn,0.0,0.0,0,no change
1318,Keggs719,0.0,0.0,0,no change
1317,RanuDhillon,0.0,0.0,0,no change
1316,sjk26381,0.0,0.0,0,no change
1086,_gmlamb,0.0,0.0,0,no change
1087,kirkgrisham,0.0,0.0,0,no change
1314,heycurlytop,0.0,0.0,0,no change
1089,NorikSigma,0.0,0.0,0,no change
1313,hannalebos,0.0,0.0,0,no change
1312,Wudang96,0.0,0.0,0,no change
1310,drm_mb,0.0,0.0,0,no change
1092,305Mosquito,0.0,0.0,0,no change
0,katrina9275,0.0,0.0,0,no change
711,fmparvez1,0.0,0.0,0,no change
860,Kurtwino,0.0,0.0,0,no change
288,30ACTruth,0.0,0.0,0,no change
299,AbrhaNetsi,0.0,0.0,0,no change
297,Holly37776084,0.0,0.0,0,no change
295,dustinfalgout,0.0,0.0,0,no change
293,jraisner,0.0,0.0,0,no change
291,MohgaKamalYanni,0.0,0.0,0,no change
289,lehimesa,0.0,0.0,0,no change
287,Tigray_Rises,0.0,0.0,0,no change
266,liamisak_,0.0,0.0,0,no change
285,44mmvvpp,0.0,0.0,0,no change
283,Bryan_Ranera,0.0,0.0,0,no change
281,RageSheen,0.0,0.0,0,no change
279,Girmay05,0.00016767270288397049,0.00027462571366219804,0,increase
270,mgcjusa,0.0,0.0,0,no change
268,merdilbostil,0.0,0.0,0,no change
301,SHOREsource,0.0,0.0,0,no change
304,13WHAM,0.0,0.0,0,no change
306,itzmytc,0.0,0.0,0,no change
308,hermessachez23,0.0,0.0,0,no change
309,CDCFound,0.0,0.0,0,no change
311,CrystalSURFgrl,0.0,0.0,0,no change
313,MinorityHealth,0.0,0.0,0,no change
315,ToneyD17,0.0,0.0,0,no change
317,JAMANeuro,0.0,0.0,0,no change
318,SonjaArts,0.0,0.0,0,no change
319,CordeliaAppleb1,0.0,0.0,0,no change
322,CraigHTrimble,0.0,0.0,0,no change
324,icarlosahedo,0.0,0.0,0,no change
326,ZaphodsFolly,0.0,0.0,0,no change
328,DFisman,0.0,0.0,0,no change
331,j40257,0.0,0.0,0,no change
333,tdfTigray8,0.0,0.0,0,no change
267,tom_vert,0.0,0.0,0,no change
264,lizzietweeter,0.0,0.0,0,no change
338,Meri83643342,0.0,0.0,0,no change
223,aphm_actu,0.0,0.0,0,no change
236,slwirth,0.0,0.0,0,no change
234,flaviaol,0.0,0.0,0,no change
231,Christo03278721,0.0,0.0,0,no change
228,richtv_io,0.0,0.0,0,no change
226,maman_poissons,0.0,0.0,0,no change
225,BzAhChan,0.0,0.0,0,no change
221,HeleneDutartre,0.0,0.0,0,no change
262,NJWEB1,0.0,0.0,0,no change
218,jinxiejae,0.0,0.0,0,no change
217,inahaniii,0.0,0.0,0,no change
216,easyonnick,0.0,0.0,0,no change
215,BFahlyfe,0.0,0.0,0,no change
214,ROXANE66,0.0,0.0,0,no change
212,StassiLane,0.0,0.0,0,no change
238,RepGosar,0.0,0.0,0,no change
239,Theblackgreatg1,0.0,0.0,0,no change
241,ozaed,0.0,0.0,0,no change
242,sotnasoinotna,0.0,0.0,0,no change
243,ArmyofWomack,0.0,0.0,0,no change
245,JPlaysItCool,0.0,0.0,0,no change
247,LaoHell,0.0,0.0,0,no change
249,FLAHAULT,0.0,0.0,0,no change
250,rufc2022,0.0,0.0,0,no change
251,dankennik,0.0,0.0,0,no change
252,Sorrow945,0.0,0.0,0,no change
254,lov_couch_films,0.0,0.0,0,no change
256,Varun8Vijay,0.0,0.0,0,no change
258,DcentX,0.0,0.0,0,no change
259,nicolaskasprzak,0.0,0.0,0,no change
260,actupparis,0.0,0.0,0,no change
261,LulaOficial,0.0,0.0,0,no change
335,DrHampshaw,0.0,0.0,0,no change
339,shoe0nhead,0.0,0.0,0,no change
209,LooftSabine,9.911686869988404e-07,1.2165936254874537e-06,0,increase
420,oneillinstitute,0.0,0.0,0,no change
432,mahi31545412,0.0,0.0,0,no change
431,Frebeke,0.0,0.0,0,no change
429,HuXijin_GT,0.0,0.0,0,no change
425,saltycomment,0.0,0.0,0,no change
424,p2GH4R83A8ZVBEm,0.0,0.0,0,no change
422,NursingPlus_ELS,0.0,0.0,0,no change
416,SteveSkywalker9,0.0,0.0,0,no change
403,QuentonKristin,0.0,0.0,0,no change
413,lifeson77,0.0,0.0,0,no change
411,msgigicapone,0.0,0.0,0,no change
410,selam_welo,0.0,0.0,0,no change
409,JudgeClayJ,0.0,0.0,0,no change
408,TOPublicHealth,0.0,0.0,0,no change
405,SigaTech,0.0,0.0,0,no change
433,CTVNews,0.0,0.0,0,no change
434,GhayasM73,0.0,0.0,0,no change
436,AregaTeame,0.0,0.0,0,no change
438,axumtsion21,0.0,0.0,0,no change
440,statnews,0.0,0.0,0,no change
442,Fila33491619,0.0,0.0,0,no change
444,GSridarane,0.0,0.0,0,no change
445,TSGABGEBREMARY7,0.0,0.0,0,no change
446,selam0512,0.0,0.0,0,no change
447,TheStar_news,0.0,0.0,0,no change
450,Jj1SBA2NRr54DYc,0.0,0.0,0,no change
452,ehshshsjsjsjsj3,0.0,0.0,0,no change
453,MELATE69250227,0.0,0.0,0,no change
454,ta_massan,0.0,0.0,0,no change
455,SoVintage,0.0,0.0,0,no change
456,2RhEDXktnydF5VY,0.0,0.0,0,no change
457,Hibiyee,0.0,0.0,0,no change
404,Tigraway14myd,0.0,0.0,0,no change
402,GiduGidu1,0.0,0.0,0,no change
341,djohngo,0.0,0.0,0,no change
354,BDandCo,0.0,0.0,0,no change
368,CharuKasturi,0.0,0.0,0,no change
367,UCLALuskinSW,0.0,0.0,0,no change
363,DrBethanneMoore,0.0,0.0,0,no change
360,tmbrown327,0.0,0.0,0,no change
357,DSW_xyz,0.0,0.0,0,no change
356,kcranews,0.0,0.0,0,no change
352,LiamODellUK,0.0,0.0,0,no change
401,fishkids4tg,0.0,0.0,0,no change
350,breckgirl4ever,0.0,0.0,0,no change
349,MeseleMercy,0.0,0.0,0,no change
347,KidNate,0.0,0.0,0,no change
346,alfarovjuan,0.0,0.0,0,no change
345,DRMJaipur,0.0,0.0,0,no change
344,shctoronto,0.0,0.0,0,no change
371,KylaMJohnson,0.0,0.0,0,no change
372,seanchaibeag,0.0,0.0,0,no change
375,BroadLingerieTO,0.0,0.0,0,no change
376,CLCPublicHealth,0.0,0.0,0,no change
377,CaliforniaDep11,0.0,0.0,0,no change
378,smilingcobra,0.0,0.0,0,no change
380,UWMedicine,0.0,0.0,0,no change
382,Phatebonny,0.0,0.0,0,no change
384,drmbikaner,0.0,0.0,0,no change
386,babajiaum,0.0,0.0,0,no change
387,WoineKidane1,0.0,0.0,0,no change
388,HollyBlomberg,0.0,0.0,0,no change
391,Chris_Mench,0.0,0.0,0,no change
392,Tigray___love,0.0,0.0,0,no change
394,updatecharts,0.0,0.0,0,no change
396,gwalitigirayi19,0.0,0.0,0,no change
397,TsrhaTigray,0.0,0.0,0,no change
211,JulesT737,0.0,0.0,0,no change
206,mikee_grc,0.0,0.0,0,no change
460,SelamYohans14,8.557089664423322e-05,0.00013691666356471297,0,increase
57,SoberSabre,0.0,0.0,0,no change
66,fox5ny,0.0,0.0,0,no change
64,fxBPn7h7Q7DEV04,0.0,0.0,0,no change
62,nmw110,0.0,0.0,0,no change
61,Erok69XX,0.0,0.0,0,no change
60,HenleySecnethia,4.955843434994202e-06,6.646419520358042e-06,0,increase
59,HealthPeopleOrg,0.0,0.0,0,no change
56,MGZ1385,0.0,0.0,0,no change
46,syramadad,0.0,0.0,0,no change
55,AmericanRailgun,0.0,0.0,0,no change
54,FunPasadena,0.0,0.0,0,no change
53,Curmudgeon1836,0.0,0.0,0,no change
51,SwitchboardTa,0.0,0.0,0,no change
50,gogo_science,0.0,0.0,0,no change
49,MontagueTerrie,0.0,0.0,0,no change
67,austin_montoya,0.0,0.0,0,no change
69,HarlemUnited,0.0,0.0,0,no change
71,SophieAndMipha,0.0,0.0,0,no change
72,housingworks,0.0,0.0,0,no change
73,Bogartn4Follows,0.0,0.0,0,no change
74,BigDonTee,0.0,0.0,0,no change
75,RLAS19,0.0,0.0,0,no change
79,uhtred_ragnason,0.0,0.0,0,no change
80,MailOnline,0.0,0.0,0,no change
82,090_0655,0.0,0.0,0,no change
83,lordsarcastico,0.0,0.0,0,no change
84,austinsean9,0.0,0.0,0,no change
85,Desertpuma,0.0,0.0,0,no change
86,jassogne,0.0,0.0,0,no change
87,DiablesBleu,0.0,0.0,0,no change
88,ZeroC000l2,0.0,0.0,0,no change
89,NorthAmericaNN,0.0,0.0,0,no change
48,chibps,0.0,0.0,0,no change
45,Stevens18Clint,0.0,0.0,0,no change
91,Arnidude,0.0,0.0,0,no change
14,chicovidcollab,0.0,0.0,0,no change
21,aetiology,0.0,0.0,0,no change
20,paulineredux8,0.0,0.0,0,no change
19,pvanheus,0.0,0.0,0,no change
18,davidchild,0.0,0.0,0,no change
17,tdubey,0.0,0.0,0,no change
15,outseide,0.0,0.0,0,no change
12,equalhope_il,0.0,0.0,0,no change
44,DMCLibraryBKLYN,0.0,0.0,0,no change
10,TimJoeC,0.0,0.0,0,no change
9,7thgenflgirl,0.0,0.0,0,no change
7,All435Reps,0.0,0.0,0,no change
6,jillmarette99,0.0,0.0,0,no change
5,JasonCianciotto,0.0,0.0,0,no change
2,monitor_PH,0.0,0.0,0,no change
22,Suzecat52,0.0,0.0,0,no change
23,SeditiousMe,0.0,0.0,0,no change
24,PaPeekaboo,0.0,0.0,0,no change
25,bear_risa,0.0,0.0,0,no change
26,MCBazacoPhD,0.0,0.0,0,no change
27,SChenHayes,0.0,0.0,0,no change
28,JonCoogan11,0.0,0.0,0,no change
31,redactedobscure,0.0,0.0,0,no change
32,VA_Pride,0.0,0.0,0,no change
33,PaoloAPalma,0.0,0.0,0,no change
34,alain_berset,0.0,0.0,0,no change
36,economiesuisse,0.0,0.0,0,no change
37,ParlCH,0.0,0.0,0,no change
38,drmom01,0.0,0.0,0,no change
39,Vasil_AV,0.0,0.0,0,no change
40,HealthNYGov,9.911686869988404e-07,1.5864789555116968e-06,0,increase
43,Llama_Strudel,0.0,0.0,0,no change
90,DarkNeo726,0.0,0.0,0,no change
92,JulitaMira1,0.0,0.0,0,no change
205,NiceCupTea,0.0,0.0,0,no change
169,ThePrinceCaim,0.0,0.0,0,no change
179,PS5Notifs,0.0,0.0,0,no change
178,Alpachino_707,0.0,0.0,0,no change
174,DeLanoLinda,0.0,0.0,0,no change
173,UNEP,0.0,0.0,0,no change
172,OzardaSu,0.0,0.0,0,no change
171,EMA_News,0.0,0.0,0,no change
168,GreaterThanAIDS,0.0,0.0,0,no change
157,biorxiv_genomic,0.0,0.0,0,no change
166,HansSars8,0.0,0.0,0,no change
165,IVANAGU90585190,0.0,0.0,0,no change
164,SHEducation,0.0,0.0,0,no change
163,yourshipuk,0.0,0.0,0,no change
161,BigGuy30475616,0.0,0.0,0,no change
160,Skatiq3,0.0,0.0,0,no change
180,mpumelelosaid,0.0,0.0,0,no change
181,uonbi,0.0,0.0,0,no change
182,ECDC_EU,0.0,0.0,0,no change
183,ECDC_Flu,0.0,0.0,0,no change
184,ECDCPHT,0.0,0.0,0,no change
185,rivm,0.0,0.0,0,no change
186,Bakaburg1,0.0,0.0,0,no change
187,DenverSweetBar,0.0,0.0,0,no change
188,isaperena,0.0,0.0,0,no change
189,ICT_magazine,0.0,0.0,0,no change
191,Lee98604032,0.0,0.0,0,no change
193,Karensense,0.0,0.0,0,no change
196,zhang_yueting,0.0,0.0,0,no change
197,voqkqky1bfvS2Lt,0.0,0.0,0,no change
199,LibrarianCrissy,0.0,0.0,0,no change
200,gareththomas17,0.0,0.0,0,no change
202,BFMTV,0.0,0.0,0,no change
158,biorxivpreprint,0.0,0.0,0,no change
153,YuvaKupwara,0.0,0.0,0,no change
93,ncbreakingnew,0.0,0.0,0,no change
108,tuohey_alice,0.0,0.0,0,no change
119,EarlyReport,0.0,0.0,0,no change
114,votejgr,0.0,0.0,0,no change
113,DiChristine,0.0,0.0,0,no change
112,DziadoszS,0.0,0.0,0,no change
111,GlennHowatt,0.0,0.0,0,no change
110,thebrianbrant,0.0,0.0,0,no change
107,brachoditrevi,0.0,0.0,0,no change
150,RobertoCroci6,0.0,0.0,0,no change
103,NEQueensNY,0.0,0.0,0,no change
102,RhodeIslandEMA,0.0,0.0,0,no change
101,jakeshortj,0.0,0.0,0,no change
99,SuttonCouncil,0.0,0.0,0,no change
98,GayMenforHealth,0.0,0.0,0,no change
95,Hear24B,0.0,0.0,0,no change
123,avery16fan,0.0,0.0,0,no change
127,NBCNews,0.0,0.0,0,no change
130,HLGatell,0.0,0.0,0,no change
131,JerichoXV,0.0,0.0,0,no change
132,drcole12,0.0,0.0,0,no change
133,MCDPTexas,0.0,0.0,0,no change
134,bekah_soul,0.0,0.0,0,no change
135,kylietcheung,0.0,0.0,0,no change
136,DeeshaPhilyaw,0.0,0.0,0,no change
138,kamalfizazi,0.0,0.0,0,no change
139,Foxgloveallian1,0.0,0.0,0,no change
141,cathymarinara,0.0,0.0,0,no change
143,TomSmit18350119,0.0,0.0,0,no change
144,CDPHE,0.0,0.0,0,no change
145,MegWingerter,0.0,0.0,0,no change
147,Rosenthal5280,0.0,0.0,0,no change
148,NatureMicrobiol,0.0,0.0,0,no change
458,gual_resla,0.0,0.0,0,no change
461,0kRKJlputJU59WV,0.00017841036365979127,0.0002709798166373337,0,increase
859,bolotitan,0.0,0.0,0,no change
732,MarysDenver,0.0,0.0,0,no change
741,BobbyStJames1,0.0,0.0,0,no change
739,Patrici84887372,0.0,0.0,0,no change
738,OrvilleLloyd,0.0,0.0,0,no change
736,NYCTSubway,0.0,0.0,0,no change
735,GovKathyHochul,0.0,0.0,0,no change
733,LovelydayTech,0.0,0.0,0,no change
729,NotGr8flJstDead,0.0,0.0,0,no change
716,Jonas_Merkur,0.0,0.0,0,no change
728,danedneymd,0.0,0.0,0,no change
727,Carole72145,0.0,0.0,0,no change
726,yorkshiremesmac,0.0,0.0,0,no change
723,hephaistos_ai,0.0,0.0,0,no change
722,6NewsAU,0.0,0.0,0,no change
720,Voice4Victoria,0.0,0.0,0,no change
742,jaimetreviz0,0.0,0.0,0,no change
743,PrimAYanna,0.0,0.0,0,no change
745,PlusIncUSA,0.0,0.0,0,no change
747,JohnLaprise,0.0,0.0,0,no change
748,DashaunWesley,0.0,0.0,0,no change
749,AndyLaBarre,0.0,0.0,0,no change
751,StephenMolldrem,0.0,0.0,0,no change
752,DrRobErnst,0.0,0.0,0,no change
753,Mr_Farwell,0.0,0.0,0,no change
754,TC_Witzel,0.0,0.0,0,no change
755,incognegra_,0.0,0.0,0,no change
756,dr_dvonp,0.0,0.0,0,no change
757,robbynk,0.0,0.0,0,no change
758,m7m5ea,0.0,0.0,0,no change
759,TweetsdiTeo,0.0,0.0,0,no change
760,joeorephoto,0.0,0.0,0,no change
761,EarthsideManuf1,0.0,0.0,0,no change
718,Folkhalsomynd,0.0,0.0,0,no change
714,locala,0.0,0.0,0,no change
765,WADeptHealth,0.0,0.0,0,no change
675,PLOSPathogens,0.0,0.0,0,no change
683,ElleboodeB,0.0,0.0,0,no change
682,persistingvirus,0.0,0.0,0,no change
680,ch_libourne,0.0,0.0,0,no change
679,miaamormottley,0.0,0.0,0,no change
677,JohnyEZakhour,0.0,0.0,0,no change
676,FatimaAllaw6,0.0,0.0,0,no change
673,JamaicaGleaner,0.0,0.0,0,no change
713,chatriyanesh12,0.0,0.0,0,no change
671,Kibutsuji1000,0.0,0.0,0,no change
670,Eduardo61645564,0.0,0.0,0,no change
669,LiberalQuebec,0.0,0.0,0,no change
668,JamesDe49037256,0.0,0.0,0,no change
667,SenateurMoise,0.0,0.0,0,no change
666,jeanjeanbuteau,0.0,0.0,0,no change
686,Stanleylucas01,0.0,0.0,0,no change
687,LGTBQ,0.0,0.0,0,no change
689,MGEN79,0.0,0.0,0,no change
690,AndersonPeal,0.0,0.0,0,no change
692,Lastronaute4,0.0,0.0,0,no change
693,appsandentrees,0.0,0.0,0,no change
695,PetevHristi,0.0,0.0,0,no change
696,emergencysewa,0.0,0.0,0,no change
697,fountain_agency,0.0,0.0,0,no change
699,ABC,0.0,0.0,0,no change
700,INTERPOL_Cyber,0.0,0.0,0,no change
702,DrJeffReynoso,0.0,0.0,0,no change
704,JOSHUAROSE96,0.0,0.0,0,no change
706,MikelleStreet,0.0,0.0,0,no change
707,OklahomaCovid,0.0,0.0,0,no change
709,Cb1Queens,0.0,0.0,0,no change
712,midean95,0.0,0.0,0,no change
762,CallitChange,0.0,0.0,0,no change
766,MamaPraying,0.0,0.0,0,no change
664,CaroleDelga,0.0,0.0,0,no change
823,BostonReview,0.0,0.0,0,no change
829,faureolivier,0.0,0.0,0,no change
828,Tepeyac_Health,0.0,0.0,0,no change
827,DaddyBlackDadd1,0.0,0.0,0,no change
826,Horseona,0.0,0.0,0,no change
825,MJHS01,0.0,0.0,0,no change
824,uicpublichealth,0.0,0.0,0,no change
822,InstAdvancedMed,0.0,0.0,0,no change
811,SSaludCdMx,0.0,0.0,0,no change
821,ixam85,0.0,0.0,0,no change
820,LoganAHeiman,0.0,0.0,0,no change
819,ColomricanP,0.0,0.0,0,no change
818,louweaver,0.0,0.0,0,no change
816,WaltzingMtilda,0.0,0.0,0,no change
815,KristeKline,0.0,0.0,0,no change
831,Vincent_kipk,0.0,0.0,0,no change
833,TWvng36,0.0,0.0,0,no change
835,DanielG23269625,0.0,0.0,0,no change
838,abomangoli,0.0,0.0,0,no change
840,Incrementallog1,0.0,0.0,0,no change
841,sakerrie,0.0,0.0,0,no change
842,Ensemble_UE,0.0,0.0,0,no change
844,PHIDenverHealth,0.0,0.0,0,no change
845,DoNotGiveUpHope,0.0,0.0,0,no change
847,CoatesGlynn,0.0,0.0,0,no change
848,777Antoine777,0.0,0.0,0,no change
849,bushwoman11,0.0,0.0,0,no change
850,WillHawkesHQ,0.0,0.0,0,no change
853,reverendentity,0.0,0.0,0,no change
855,bleezeofaroma,0.0,0.0,0,no change
856,pr_gignon,0.0,0.0,0,no change
858,LordScavamungus,0.0,0.0,0,no change
814,hitukishinji,0.0,0.0,0,no change
810,SSalud_mx,0.0,0.0,0,no change
767,MCLeonard01,0.0,0.0,0,no change
778,mynameisjro,0.0,0.0,0,no change
787,Gusty2324,0.0,0.0,0,no change
786,gsm2020gsm,0.0,0.0,0,no change
785,mary4jr88,0.0,0.0,0,no change
783,ChristinaDub79,0.0,0.0,0,no change
782,nolaboy96,0.0,0.0,0,no change
781,LostJohnny,0.0,0.0,0,no change
777,amockingbird,0.0,0.0,0,no change
809,cenaprece,0.0,0.0,0,no change
776,AlexaDPerron,0.0,0.0,0,no change
774,RodenBjornen,0.0,0.0,0,no change
771,SafetyFirst____,0.0,0.0,0,no change
770,nycgov,0.0,0.0,0,no change
769,KarlErbach,0.0,0.0,0,no change
768,therealdjsub,0.0,0.0,0,no change
788,D_Glovernator,0.0,0.0,0,no change
789,Null_Nameless,0.0,0.0,0,no change
790,MikeBarzacchini,0.0,0.0,0,no change
791,AIDSCAREOS,0.0,0.0,0,no change
793,APPLIOrg,0.0,0.0,0,no change
794,SuttonLibraries,0.0,0.0,0,no change
795,ebscbwi,0.0,0.0,0,no change
796,mrQuestionLinks,0.0,0.0,0,no change
798,kyle_iridian,0.00025373918387170313,0.0003613838607940743,0,increase
799,SheriD17536431,0.0,0.0,0,no change
800,jvarney64,0.0,0.0,0,no change
801,Art_LiveOn,0.0,0.0,0,no change
802,RepMaura,0.0,0.0,0,no change
803,Infection,0.0,0.0,0,no change
804,Jerempourtous,0.0,0.0,0,no change
806,SoyGerardCortez,0.0,0.0,0,no change
807,peter03102,0.0,0.0,0,no change
665,mvankerkhove,0.0,0.0,0,no change
663,Jeandamerique,0.0,0.0,0,no change
462,Dawnloveslife1,0.0,0.0,0,no change
526,5hiwi12,0.0,0.0,0,no change
532,TigrayUpdate,0.0,0.0,0,no change
531,Romhai_H,8.557089664423322e-05,0.00013691666356471297,0,increase
530,Gagofthefag,0.0,0.0,0,no change
529,McKenzieBBeard,0.0,0.0,0,no change
528,LidstonePeter,0.0,0.0,0,no change
527,Galafterari,0.0,0.0,0,no change
523,FlsaToday,0.0,0.0,0,no change
511,AmlakBarkeley,1.0159479041738112e-05,1.629189123026453e-05,0,increase
522,CoolBalla15,0.0,0.0,0,no change
520,YadeilT,0.0,0.0,0,no change
519,Halefomberhe_1,0.0,0.0,0,no change
518,ellengilmer,0.0,0.0,0,no change
517,Nolawitweini,0.0,0.0,0,no change
513,freakymflee2,0.0,0.0,0,no change
534,Lemlem87200788,0.0,0.0,0,no change
535,KarlLasis,0.0,0.0,0,no change
537,pinaymilffff,0.0,0.0,0,no change
538,cure51869131121,0.0,0.0,0,no change
539,ChanSukLeng1,0.0,0.0,0,no change
542,BerheTsehai,0.0,0.0,0,no change
546,MeazaTigray2022,0.0,0.0,0,no change
548,HCResearcher,0.0,0.0,0,no change
549,SecurityHIT,0.0,0.0,0,no change
551,Lorriorsan18,0.0,0.0,0,no change
553,Ngsti24,0.0,0.0,0,no change
555,pbperito,0.0,0.0,0,no change
556,LizSzabo,0.0,0.0,0,no change
558,kidus25032397,0.0,0.0,0,no change
560,MichiganHHS,0.0,0.0,0,no change
562,precisionmedbot,1.9823373739976807e-06,2.689594843452729e-06,0,increase
564,AllianceFPH,0.0,0.0,0,no change
512,lorac328,0.0,0.0,0,no change
510,iasociety,0.0,0.0,0,no change
566,night_patty,0.0,0.0,0,no change
471,john_berhe,0.0,0.0,0,no change
481,Liberty2Bfree,0.0,0.0,0,no change
480,Eza_Meret,0.0,0.0,0,no change
479,genet09956364,0.0,0.0,0,no change
477,NatsnetTigrey,0.0,0.0,0,no change
476,MFdarkroast,0.0,0.0,0,no change
474,joanbushur,0.0,0.0,0,no change
469,WelduYtbarek,0.0,0.0,0,no change
509,mtslaltesfa12,0.0,0.0,0,no change
468,BerlandGroup,0.0,0.0,0,no change
467,PromesseCKaniki,0.0,0.0,0,no change
466,AgulaKuzi,0.0,0.0,0,no change
465,SenatorLeahy,0.0,0.0,0,no change
464,SenateApprops,0.0,0.0,0,no change
463,Hadas598662671,0.00011918803461161045,0.0001729371204206227,0,increase
483,tunzle,0.0,0.0,0,no change
484,indisbelief2020,0.0,0.0,0,no change
485,gypsytoo2,0.0,0.0,0,no change
486,mchovden1785,0.0,0.0,0,no change
488,SiyeHailu,0.0,0.0,0,no change
489,Simret2022,0.0,0.0,0,no change
490,Zafu56751871,0.0,0.0,0,no change
491,gebre_krstos,0.00012587842324885277,0.00019319581709064225,0,increase
492,Tigray_Adey1,0.0,0.0,0,no change
494,Racheismi,0.0,0.0,0,no change
496,temie123,0.0,0.0,0,no change
497,Haye_21,0.0,0.0,0,no change
498,SncShelia,0.0,0.0,0,no change
499,QualityInsights,0.0,0.0,0,no change
502,tigrawayeye,0.0,0.0,0,no change
503,aman_tigray,1.8832205052977966e-05,3.106827177414954e-05,0,increase
506,brixwe,0.0,0.0,0,no change
565,LegacyTigray,0.0,0.0,0,no change
567,BGOV,0.0,0.0,0,no change
662,passivodaBA,0.0,0.0,0,no change
629,CTDPH,0.0,0.0,0,no change
637,MusicaGlobalNet,0.0,0.0,0,no change
636,ConnConnection,0.0,0.0,0,no change
635,hccath,0.0,0.0,0,no change
634,wnpr,0.0,0.0,0,no change
631,sbonaccini,0.0,0.0,0,no change
630,DrJuthani,0.0,0.0,0,no change
627,LucyVN,0.0,0.0,0,no change
618,SchlimmeDinge,0.0,0.0,0,no change
626,ACORDEBARD,0.0,0.0,0,no change
625,COVID19,0.0,0.0,0,no change
623,wineediar_,0.0,0.0,0,no change
622,websun23,0.0,0.0,0,no change
621,newscomauHQ,0.0,0.0,0,no change
620,EmmettPatterson,0.0,0.0,0,no change
638,16thStMALL,0.0,0.0,0,no change
640,natirenda,0.0,0.0,0,no change
642,CindyCinnis,0.0,0.0,0,no change
644,LeiroViviana,0.0,0.0,0,no change
645,G_J_Sepulveda,0.0,0.0,0,no change
646,Mapangala6,0.0,0.0,0,no change
650,SFMicrobiologie,0.0,0.0,0,no change
651,DomAnglade,0.0,0.0,0,no change
652,lalime_thomas,0.0,0.0,0,no change
653,MCultureHT,0.0,0.0,0,no change
654,SexyRiton,0.0,0.0,0,no change
656,epi_twit,0.0,0.0,0,no change
657,VijayNa29484351,0.0,0.0,0,no change
658,ferra458ri,0.0,0.0,0,no change
659,TyneHall,0.0,0.0,0,no change
660,doritmi,0.0,0.0,0,no change
661,RomersonVasque2,0.0,0.0,0,no change
619,CristinaCBaciu,0.0,0.0,0,no change
616,JF_Brinkworth,0.0,0.0,0,no change
568,MebrahtuAtaklti,0.0,0.0,0,no change
580,DrMerminCDC,0.0,0.0,0,no change
589,fkr_ge,0.0,0.0,0,no change
587,MSNBC,0.0,0.0,0,no change
585,saba_gesesse22,0.0,0.0,0,no change
584,MargMar80017297,0.00012092257981385852,0.00017777967241729514,0,increase
582,WeyniMengstu2,0.0,0.0,0,no change
581,TesfayeYhd,0.0,0.0,0,no change
578,WTAE,0.0,0.0,0,no change
615,AswinC_MD,0.0,0.0,0,no change
577,Tsiyon_hermon,7.598959933657775e-06,1.2809684497952084e-05,0,increase
575,habiba11g,0.0,0.0,0,no change
574,hdush_meri,0.0,0.0,0,no change
573,Abrha1227,0.0,0.0,0,no change
570,laladesta3,0.0,0.0,0,no change
569,Danibren12,0.0,0.0,0,no change
590,HoustonBurnsid1,0.0,0.0,0,no change
592,Martawit8,0.0,0.0,0,no change
593,TDf_forlife,0.0,0.0,0,no change
594,SeeHateGoAway,0.0,0.0,0,no change
595,mahi_enderta,0.0,0.0,0,no change
596,VOT_NEW,0.0,0.0,0,no change
597,JasonAbramski3,0.0,0.0,0,no change
598,drshantadutta,0.0,0.0,0,no change
601,denverparksrec,0.0,0.0,0,no change
602,MileHighGayGuy,0.0,0.0,0,no change
603,derspiegel,0.0,0.0,0,no change
607,Guttto,0.0,0.0,0,no change
609,VP44,0.0,0.0,0,no change
610,JoeBiden,0.0,0.0,0,no change
611,PressSec,0.0,0.0,0,no change
612,WhiteHouse,0.0,0.0,0,no change
613,ArifNathooMD,0.0,0.0,0,no change
1421,DrSeciahAquino,0.0,0.0,0,no change
