,id,username,bot_type,user_type,origin_tweet_date,degree,tweet_url
0,1502,itsmeSZ,private_account,bot,2022-12-14,61219,https://twitter.com/itsmeSZ/status/1603176228558512128
1,1386,yonomevacunoo,private_account,bot,2022-12-16,59327,https://twitter.com/yonomevacunoo/status/1603750553539985408
2,978,newsmax,private_account,bot,2021-05-26,34672,https://twitter.com/newsmax/status/1397597747906293766
3,434,JonPort79449036,spammer,bot,2021-10-09,19887,https://twitter.com/JonPort79449036/status/1446680933797670917
4,1387,gorskon,other,bot,2022-12-16,17960,https://twitter.com/gorskon/status/1603751131330408448
5,1561,MichelleDewbs,spammer,bot,2022-12-14,16615,https://twitter.com/MichelleDewbs/status/1603147910220288000
6,1671,ElectricUte420,spammer,bot,2022-12-14,13677,https://twitter.com/ElectricUte420/status/1603131873881980933
7,1427,1SierraSteele,spammer,bot,2022-12-16,12801,https://twitter.com/1SierraSteele/status/1603777750413692928
8,1767,BOWorldwide,spammer,bot,2022-12-14,10491,https://twitter.com/BOWorldwide/status/1603098618273345536
9,2014,ShellyRKirchoff,private_account,bot,2022-12-14,6975,https://twitter.com/ShellyRKirchoff/status/1603028116670402560
10,1435,Johanne31785773,private_account,bot,2022-12-16,6303,https://twitter.com/Johanne31785773/status/1603778994519818241
11,1833,IcewomanSJ,false (human account),human,2022-12-14,5299,https://twitter.com/IcewomanSJ/status/1603066925608710145
12,1538,jch1708,spammer,bot,2022-12-15,5260,https://twitter.com/jch1708/status/1603187591712739328
13,1992,aufgewacht2020,false (human account),human,2022-12-14,4846,https://twitter.com/aufgewacht2020/status/1603024131460587521
14,1736,DJCTruth,false (human account),human,2022-12-14,3938,https://twitter.com/DJCTruth/status/1603091661315268623
15,308,nickisnest,false (human account),human,2021-08-13,3921,https://twitter.com/nickisnest/status/1426063842770051073
16,1793,handmadekathy,false (human account),human,2022-12-14,3508,https://twitter.com/handmadekathy/status/1603107820354011136
17,1429,DrAseemMalhotra,private_account,bot,2022-12-16,3410,https://twitter.com/DrAseemMalhotra/status/1603778539026882561
18,2168,KBoz3,private_account,bot,2022-12-14,3095,https://twitter.com/KBoz3/status/1602954654186409984
19,2245,DrTraceyK,private_account,bot,2022-12-15,2908,https://twitter.com/DrTraceyK/status/1603429119496175618
20,1455,Enforcement1st,spammer,bot,2022-12-16,2835,https://twitter.com/Enforcement1st/status/1603788515653087232
21,1652,backtolife_2023,other,bot,2022-12-14,2756,https://twitter.com/backtolife_2023/status/1603122737496707073
22,591,CobyJay41,false (human account),human,2021-08-11,2735,https://twitter.com/CobyJay41/status/1425564049320861696
23,2082,quicksand40,false (human account),human,2022-12-14,2717,https://twitter.com/quicksand40/status/1602996960205721600
24,2078,anywaymovingon,false (human account),human,2022-12-14,2613,https://twitter.com/anywaymovingon/status/1602995910425853954
25,155,bev768,false (human account),human,2021-10-07,2519,https://twitter.com/bev768/status/1446201715112361998
26,1837,fieldofgreeninc,false (human account),human,2022-12-14,2480,https://twitter.com/fieldofgreeninc/status/1603068718170374145
27,1747,Bob31685906,false (human account),human,2022-12-14,2426,https://twitter.com/Bob31685906/status/1603092082712887296
28,1518,GovCanHealth,spammer,bot,2022-12-15,2395,https://twitter.com/GovCanHealth/status/1603180181585362950
29,1778,davietweetsc,false (human account),human,2022-12-14,2300,https://twitter.com/davietweetsc/status/1603103519367741440
30,6,danny086756661,spammer,bot,2021-08-11,2284,https://twitter.com/danny086756661/status/1425554263107727360
31,1938,SpursMaccabee,false (human account),human,2022-12-14,2281,https://twitter.com/SpursMaccabee/status/1603052094067728384
32,1782,pastorcoin,false (human account),human,2022-12-14,2268,https://twitter.com/pastorcoin/status/1603104431524163584
33,1675,GovRonDeSantis,spammer,bot,2022-12-14,2198,https://twitter.com/GovRonDeSantis/status/1603132978325954560
34,1792,SweetKansaslife,false (human account),human,2022-12-14,2177,https://twitter.com/SweetKansaslife/status/1603107527834861568
35,2209,MoneyGrabbler,false (human account),human,2022-12-14,2157,https://twitter.com/MoneyGrabbler/status/1602990180171800577
36,2144,grumpy_sicilian,private_account,bot,2022-12-14,1990,https://twitter.com/grumpy_sicilian/status/1603013155415801856
37,2152,jimothyhalpbert,false (human account),human,2022-12-14,1985,https://twitter.com/jimothyhalpbert/status/1603016143639388160
38,1728,CSojourner,other,bot,2022-12-14,1980,https://twitter.com/CSojourner/status/1603089516356685825
39,1858,realafk210830,false (human account),human,2022-12-14,1979,https://twitter.com/realafk210830/status/1603075459981660160
40,2136,DrJohnB2,private_account,bot,2022-12-14,1976,https://twitter.com/DrJohnB2/status/1603012052532056064
41,1801,P_McCulloughMD,false (human account),human,2022-12-14,1932,https://twitter.com/P_McCulloughMD/status/1603108523134439424
42,1392,Gianluc59668963,other,bot,2022-12-16,1898,https://twitter.com/Gianluc59668963/status/1603754220313878528
43,2076,andyrififi,false (human account),human,2022-12-14,1885,https://twitter.com/andyrififi/status/1602995590601867266
44,1812,Retail_Stonks,false (human account),human,2022-12-14,1857,https://twitter.com/Retail_Stonks/status/1603114791098552321
45,1720,DoubleOhNever,false (human account),human,2022-12-14,1841,https://twitter.com/DoubleOhNever/status/1603146231022338049
46,1401,justaplacetosee,spammer,bot,2022-12-16,1666,https://twitter.com/justaplacetosee/status/1603762380017745921
47,1926,Elena080729,false (human account),human,2022-12-14,1662,https://twitter.com/Elena080729/status/1603049083245326336
48,2237,JamieReports,private_account,bot,2022-12-15,1630,https://twitter.com/JamieReports/status/1603417135002406915
49,2024,michael80605540,false (human account),human,2022-12-14,1608,https://twitter.com/michael80605540/status/1603029831553355777
50,1916,RpsAgainstTrump,false (human account),human,2022-12-14,1550,https://twitter.com/RpsAgainstTrump/status/1603045327774400513
51,1559,abolishwokeness,spammer,bot,2022-12-14,1537,https://twitter.com/abolishwokeness/status/1603147352507928586
52,1155,robert_traurig,spammer,bot,2021-05-26,1516,https://twitter.com/robert_traurig/status/1397666281780883457
53,1786,Thatguy81221259,spammer,bot,2022-12-14,1411,https://twitter.com/Thatguy81221259/status/1603105541332402178
54,1954,MasterclassMrs,false (human account),human,2022-12-14,1355,https://twitter.com/MasterclassMrs/status/1603055543081652264
55,1943,redhat01x,false (human account),human,2022-12-14,1327,https://twitter.com/redhat01x/status/1603052928507564033
56,1934,k_stiller,false (human account),human,2022-12-14,1323,https://twitter.com/k_stiller/status/1603051047894786053
57,1941,TwitrHeretic,false (human account),human,2022-12-14,1323,https://twitter.com/TwitrHeretic/status/1603052846907260929
58,1835,glitternfreedom,false (human account),human,2022-12-14,1239,https://twitter.com/glitternfreedom/status/1603068454931955712
59,1901,5678_chocolate,private_account,bot,2022-12-14,1231,https://twitter.com/5678_chocolate/status/1603087038760337418
60,2321,Novavax,private_account,bot,2022-12-07,1202,https://twitter.com/Novavax/status/1600521462267678720
61,1766,nypost,spammer,bot,2022-12-14,1189,https://twitter.com/nypost/status/1603098217427918848
62,2164,Nohj_85,false (human account),human,2022-12-14,1165,https://twitter.com/Nohj_85/status/1602950977501421568
63,1888,Ringham7,false (human account),human,2022-12-14,1147,https://twitter.com/Ringham7/status/1603081806252838918
64,2230,RebeccaAguilar,spammer,bot,2022-12-14,1090,https://twitter.com/RebeccaAguilar/status/1602989224977960963
65,2214,EmbarrassedCan1,false (human account),human,2022-12-14,1084,https://twitter.com/EmbarrassedCan1/status/1602991713920114695
66,2213,VisionRI_,private_account,bot,2022-12-14,1083,https://twitter.com/VisionRI_/status/1602991219730427904
67,2210,TwilitePoison,private_account,bot,2022-12-14,1079,https://twitter.com/TwilitePoison/status/1602990236853829632
68,2208,theprobeindia,private_account,bot,2022-12-14,1076,https://twitter.com/theprobeindia/status/1602989637311811585
69,2205,talk2oleary,false (human account),human,2022-12-14,1071,https://twitter.com/talk2oleary/status/1602988074220371970
70,2200,ReganCanadian,false (human account),human,2022-12-14,1064,https://twitter.com/ReganCanadian/status/1602986329436028929
71,2194,Bitcoin1967,false (human account),human,2022-12-14,1053,https://twitter.com/Bitcoin1967/status/1602975960881577984
72,2189,Anaktisis1,false (human account),human,2022-12-14,1045,https://twitter.com/Anaktisis1/status/1602970813032173568
73,2188,Myopinion2cents,private_account,bot,2022-12-14,1044,https://twitter.com/Myopinion2cents/status/1602970714428030978
74,1854,Tami_Tampa,spammer,bot,2022-12-14,1043,https://twitter.com/Tami_Tampa/status/1603074112469237760
75,2186,julieroot4,private_account,bot,2022-12-14,1040,https://twitter.com/julieroot4/status/1602968902383738880
76,1804,Cairnlodge1,false (human account),human,2022-12-14,1032,https://twitter.com/Cairnlodge1/status/1603109741643051008
77,2179,Frontlinestory,false (human account),human,2022-12-14,1030,https://twitter.com/Frontlinestory/status/1602960234829746176
78,2173,dstefanos,false (human account),human,2022-12-14,1022,https://twitter.com/dstefanos/status/1602956889670680577
79,1848,RobertTromp5,false (human account),human,2022-12-14,1021,https://twitter.com/RobertTromp5/status/1603072336173109248
80,2172,ProfAngePala,false (human account),human,2022-12-14,1021,https://twitter.com/ProfAngePala/status/1602955954798333952
81,2171,theage,private_account,bot,2022-12-14,1020,https://twitter.com/theage/status/1602955954798333952
82,2143,newindia_in,false (human account),human,2022-12-14,975,https://twitter.com/newindia_in/status/1603013140760903681
83,2135,kmc_kolkata,private_account,bot,2022-12-14,963,https://twitter.com/kmc_kolkata/status/1603012041102438401
84,2132,papanikstix,false (human account),human,2022-12-14,958,https://twitter.com/papanikstix/status/1603011715066908672
85,2077,JamieSale,false (human account),human,2022-12-14,953,https://twitter.com/JamieSale/status/1602995674735427585
86,2117,SusanHoathVista,false (human account),human,2022-12-14,934,https://twitter.com/SusanHoathVista/status/1603009480651841537
87,2112,ANo1505,private_account,bot,2022-12-14,925,https://twitter.com/ANo1505/status/1603008097605353473
88,2110,gntschnzer,private_account,bot,2022-12-14,921,https://twitter.com/gntschnzer/status/1603006881965932544
89,2097,un4yRFGlfQRAIZD,private_account,bot,2022-12-14,895,https://twitter.com/un4yRFGlfQRAIZD/status/1603004780309536768
90,2093,cdnrefusenik,false (human account),human,2022-12-14,889,https://twitter.com/cdnrefusenik/status/1603002939731320833
91,2087,EL_Destructo,false (human account),human,2022-12-14,880,https://twitter.com/EL_Destructo/status/1602998645795823616
92,2086,Nadia_1V,false (human account),human,2022-12-14,879,https://twitter.com/Nadia_1V/status/1602998436630085633
93,2085,Annabel48752655,false (human account),human,2022-12-14,878,https://twitter.com/Annabel48752655/status/1602998253984833537
94,2084,DrAiLynTan,false (human account),human,2022-12-14,877,https://twitter.com/DrAiLynTan/status/1602997442676510720
95,2074,SallyMayweather,false (human account),human,2022-12-14,865,https://twitter.com/SallyMayweather/status/1602993646789279744
96,2073,CDCgov,spammer,bot,2022-12-14,864,https://twitter.com/CDCgov/status/1603043397299757058
97,2062,AlexSAFC92,false (human account),human,2022-12-14,844,https://twitter.com/AlexSAFC92/status/1603039741418651652
98,1619,Juliett59778255,spammer,bot,2022-12-14,835,https://twitter.com/Juliett59778255/status/1603162287111651329
99,2051,MBOZE,false (human account),human,2022-12-14,827,https://twitter.com/MBOZE/status/1603036368707674112
100,1422,SPABG2,spammer,bot,2022-12-16,812,https://twitter.com/SPABG2/status/1603772842868367360
101,2039,colsworld55,false (human account),human,2022-12-14,808,https://twitter.com/colsworld55/status/1603033163617419265
102,2038,BenGCalder,false (human account),human,2022-12-14,807,https://twitter.com/BenGCalder/status/1603033105773871110
103,2037,NFSC52784980,private_account,bot,2022-12-14,806,https://twitter.com/NFSC52784980/status/1603032786092560385
104,2031,majorboomer1,false (human account),human,2022-12-14,796,https://twitter.com/majorboomer1/status/1603031333944557571
105,2030,TheMidwestWolf,false (human account),human,2022-12-14,795,https://twitter.com/TheMidwestWolf/status/1603031221239431170
106,2026,RealJesseJames7,false (human account),human,2022-12-14,789,https://twitter.com/RealJesseJames7/status/1603030500234637317
107,1568,traceylsl,spammer,bot,2022-12-14,769,https://twitter.com/traceylsl/status/1603149246991147009
108,2301,PastorMikeDyal,spammer,bot,2022-12-16,762,https://twitter.com/PastorMikeDyal/status/1603762207426314240
109,2011,DOMSinaiNYC,self_declared,bot,2022-12-14,761,https://twitter.com/DOMSinaiNYC/status/1603028007215587328
110,2007,TruthSavageMan,private_account,bot,2022-12-14,755,https://twitter.com/TruthSavageMan/status/1603027278191009798
111,2006,jholow9,false (human account),human,2022-12-14,753,https://twitter.com/jholow9/status/1603027261447614464
112,2005,Bossy_Leah,false (human account),human,2022-12-14,752,https://twitter.com/Bossy_Leah/status/1603027259715198976
113,2004,PrimeIndexes,private_account,bot,2022-12-14,751,https://twitter.com/PrimeIndexes/status/1603027030693449729
114,2002,onlyasjack,false (human account),human,2022-12-14,748,https://twitter.com/onlyasjack/status/1603026541084016641
115,1816,PatientCV,false (human account),human,2022-12-14,747,https://twitter.com/PatientCV/status/1603116010818703362
116,1997,LisaAStanley127,private_account,bot,2022-12-14,741,https://twitter.com/LisaAStanley127/status/1603024830109999106
117,1990,RealCarlVernon,false (human account),human,2022-12-14,730,https://twitter.com/RealCarlVernon/status/1603023163415216129
118,791,Simone_Voice,private_account,bot,2021-07-19,725,https://twitter.com/Simone_Voice/status/1417052837515874304
119,1985,a_fortunato,false (human account),human,2022-12-14,723,https://twitter.com/a_fortunato/status/1603020685701697536
120,1347,VanderluciaSch1,private_account,bot,2021-08-30,717,https://twitter.com/VanderluciaSch1/status/1432413228248748040
121,1980,RLibertyFL,private_account,bot,2022-12-14,716,https://twitter.com/RLibertyFL/status/1603063677363568641
122,1973,lporiginalg,false (human account),human,2022-12-14,704,https://twitter.com/lporiginalg/status/1603062063953489920
123,1453,CraigAT1181,spammer,bot,2022-12-16,700,https://twitter.com/CraigAT1181/status/1603786388167708674
124,1963,RonaldNHinton,false (human account),human,2022-12-14,687,https://twitter.com/RonaldNHinton/status/1603058568105639936
125,1960,RichardBoersen,false (human account),human,2022-12-14,682,https://twitter.com/RichardBoersen/status/1603055850104537090
126,1957,SusanBearry,false (human account),human,2022-12-14,678,https://twitter.com/SusanBearry/status/1603055707024392193
127,1956,VPrasadMDMPH,false (human account),human,2022-12-14,677,https://twitter.com/VPrasadMDMPH/status/1603055707024392193
128,1953,GurinderC,false (human account),human,2022-12-14,673,https://twitter.com/GurinderC/status/1603055422092591106
129,1419,RWMaloneMD,spammer,bot,2022-12-16,672,https://twitter.com/RWMaloneMD/status/1603771092493291521
130,1950,MeowthFan,false (human account),human,2022-12-14,670,https://twitter.com/MeowthFan/status/1603054933078691846
131,1946,ImTracyS,false (human account),human,2022-12-14,666,https://twitter.com/ImTracyS/status/1603053230010802177
132,1527,JJMays87,spammer,bot,2022-12-15,654,https://twitter.com/JJMays87/status/1603184596949950465
133,1708,ubokubi,false (human account),human,2022-12-14,635,https://twitter.com/ubokubi/status/1603143214973730817
134,1706,av8tore71,false (human account),human,2022-12-14,631,https://twitter.com/av8tore71/status/1603142401690066944
135,100,Daniel2510G,spammer,bot,2021-09-08,630,https://twitter.com/Daniel2510G/status/1435654826260635659
136,928,ella03787321,false (human account),human,2021-07-18,616,https://twitter.com/ella03787321/status/1416762143106555918
137,1914,weakthewoke,private_account,bot,2022-12-14,616,https://twitter.com/weakthewoke/status/1603045085368946688
138,1913,NamibiAng,false (human account),human,2022-12-14,614,https://twitter.com/NamibiAng/status/1603045006679367682
139,2274,mtmdphd,spammer,bot,2022-12-16,614,https://twitter.com/mtmdphd/status/1603565388184391681
140,1906,ClimateDepot,false (human account),human,2022-12-14,602,https://twitter.com/ClimateDepot/status/1603088235634253832
141,1900,PierreKory,private_account,bot,2022-12-14,593,https://twitter.com/PierreKory/status/1603086660056514563
142,1896,yoamomagallanes,false (human account),human,2022-12-14,586,https://twitter.com/yoamomagallanes/status/1603084220242460675
143,1894,ErikLoridan,private_account,bot,2022-12-14,584,https://twitter.com/ErikLoridan/status/1603082687576768513
144,1883,AnecdotalsMovie,private_account,bot,2022-12-14,565,https://twitter.com/AnecdotalsMovie/status/1603080703054323712
145,2234,TheVeronicaT,private_account,bot,2022-12-16,564,https://twitter.com/TheVeronicaT/status/1603737676146159616
146,2354,szdaily1,spammer,bot,2022-12-08,564,https://twitter.com/szdaily1/status/1600678993115893761
147,1882,Angie_RejoinEU,private_account,bot,2022-12-14,563,https://twitter.com/Angie_RejoinEU/status/1603080669584060416
148,759,SpiritYah,false (human account),human,2021-07-20,561,https://twitter.com/SpiritYah/status/1417635090436349953
149,701,kawarren818,false (human account),human,2021-08-09,559,https://twitter.com/kawarren818/status/1424776418894958593
150,1591,jeml712,false (human account),human,2022-12-14,558,https://twitter.com/jeml712/status/1603155379093143552
151,1879,myolande70,private_account,bot,2022-12-14,558,https://twitter.com/myolande70/status/1603080001536262144
152,1878,RedPilledVishal,false (human account),human,2022-12-14,556,https://twitter.com/RedPilledVishal/status/1603079641606295552
153,1877,elonmusk,false (human account),human,2022-12-14,555,https://twitter.com/elonmusk/status/1603079119109070849
154,1872,sanjeevchadha8,self_declared,bot,2022-12-14,548,https://twitter.com/sanjeevchadha8/status/1603077793147162624
155,1868,Hkalnin,false (human account),human,2022-12-14,540,https://twitter.com/Hkalnin/status/1603076968475394049
156,1866,BrianFerence1,false (human account),human,2022-12-14,538,https://twitter.com/BrianFerence1/status/1603076720906715136
157,2305,DrKatzNYCHH,spammer,bot,2022-12-16,534,https://twitter.com/DrKatzNYCHH/status/1603767374208983041
158,2306,Honestly4111,spammer,bot,2022-12-16,526,https://twitter.com/Honestly4111/status/1603767413475905536
159,1855,IcahnSinaiID,false (human account),human,2022-12-14,521,https://twitter.com/IcahnSinaiID/status/1603074686568513545
160,1845,cmkittycat,false (human account),human,2022-12-14,505,https://twitter.com/cmkittycat/status/1603071585455595520
161,1836,houmanhemmati,false (human account),human,2022-12-14,493,https://twitter.com/houmanhemmati/status/1603068718170374145
162,1423,GilbertAveugle,spammer,bot,2022-12-16,492,https://twitter.com/GilbertAveugle/status/1603773239020355586
163,1834,ClareCraigPath,false (human account),human,2022-12-14,491,https://twitter.com/ClareCraigPath/status/1603067321353920512
164,1560,Haber_Takip01,spammer,bot,2022-12-14,484,https://twitter.com/Haber_Takip01/status/1603147438285619203
165,2295,jonnyital,other,bot,2022-12-16,482,https://twitter.com/jonnyital/status/1603744291851042816
166,1819,jimreydaps,false (human account),human,2022-12-14,468,https://twitter.com/jimreydaps/status/1603117256174493699
167,1818,bsaam_r045_10,false (human account),human,2022-12-14,467,https://twitter.com/bsaam_r045_10/status/1603116696360914946
168,2291,the_amish_txtr,spammer,bot,2022-12-16,466,https://twitter.com/the_amish_txtr/status/1603726660829937664
169,1810,TrudeauFor,spammer,bot,2022-12-14,458,https://twitter.com/TrudeauFor/status/1603114707275186176
170,1809,Allygeighter,false (human account),human,2022-12-14,456,https://twitter.com/Allygeighter/status/1603113973997481990
171,1330,BrandonLesco1,false (human account),human,2021-11-09,453,https://twitter.com/BrandonLesco1/status/1458058598458789895
172,1648,Mansoor_Ali9,false (human account),human,2022-12-14,453,https://twitter.com/Mansoor_Ali9/status/1603121089932308480
173,2256,NYCHealthSystem,private_account,bot,2022-12-15,452,https://twitter.com/NYCHealthSystem/status/1603468991518937106
174,906,Learningpods1,false (human account),human,2021-05-26,446,https://twitter.com/Learningpods1/status/1397405645264011266
175,1802,JamesMelville,false (human account),human,2022-12-14,444,https://twitter.com/JamesMelville/status/1603109557055631360
176,2316,RCDHealthUnit,private_account,bot,2022-12-16,430,https://twitter.com/RCDHealthUnit/status/1603789678980775942
177,766,haber_okuyorum1,false (human account),human,2021-07-20,425,https://twitter.com/haber_okuyorum1/status/1417614464107651081
178,1785,mmsanchez425,spammer,bot,2022-12-14,423,https://twitter.com/mmsanchez425/status/1603105422436466689
179,869,107devorah,false (human account),human,2021-07-17,422,https://twitter.com/107devorah/status/1416518060345892871
180,1482,FlasterThe,private_account,bot,2022-12-14,407,https://twitter.com/FlasterThe/status/1603167337154490369
181,1772,RVarmaMD,false (human account),human,2022-12-14,404,https://twitter.com/RVarmaMD/status/1603100850049556481
182,1771,MarkAnt72,false (human account),human,2022-12-14,403,https://twitter.com/MarkAnt72/status/1603100001638678528
183,1768,paratirites,false (human account),human,2022-12-14,398,https://twitter.com/paratirites/status/1603099196088647680
184,1765,VJKUTZ,false (human account),human,2022-12-14,393,https://twitter.com/VJKUTZ/status/1603098050964164614
185,970,DDonP3,private_account,bot,2021-07-24,392,https://twitter.com/DDonP3/status/1419030011734937600
186,1764,TrueFactsStated,false (human account),human,2022-12-14,392,https://twitter.com/TrueFactsStated/status/1603098050964164614
187,129,CobyJayJr42,false (human account),human,2021-10-05,391,https://twitter.com/CobyJayJr42/status/1445535381831577609
188,1166,santa_tzu,spammer,bot,2021-05-26,388,https://twitter.com/santa_tzu/status/1397559140839563270
189,1160,Yaocyou,spammer,bot,2021-05-26,386,https://twitter.com/Yaocyou/status/1397539621450354689
190,1159,JaneDoe89034155,spammer,bot,2021-05-26,384,https://twitter.com/JaneDoe89034155/status/1397647782450761732
191,1759,LAnnaMaria4444,false (human account),human,2022-12-14,384,https://twitter.com/LAnnaMaria4444/status/1603096018291232769
192,1581,Whataprincess45,false (human account),human,2022-12-14,381,https://twitter.com/Whataprincess45/status/1603152745208467461
193,1583,OhPleaseBeQuiet,false (human account),human,2022-12-14,381,https://twitter.com/OhPleaseBeQuiet/status/1603152817912532993
194,778,DutchDL,false (human account),human,2021-07-21,378,https://twitter.com/DutchDL/status/1417771031964626944
195,943,LoveTahoe1,false (human account),human,2021-07-27,377,https://twitter.com/LoveTahoe1/status/1419831129612251138
196,1754,AgingSC,false (human account),human,2022-12-14,376,https://twitter.com/AgingSC/status/1603094975050153984
197,1154,mimosa_9th_,spammer,bot,2021-05-26,374,https://twitter.com/mimosa_9th_/status/1397592274276552707
198,1751,ZaidZamanHamid,false (human account),human,2022-12-14,371,https://twitter.com/ZaidZamanHamid/status/1603092948496924673
199,2260,ncdhhs,spammer,bot,2022-12-15,366,https://twitter.com/ncdhhs/status/1603477613384568832
200,1616,2017fan1,false (human account),human,2022-12-14,362,https://twitter.com/2017fan1/status/1603161834143596550
201,1470,angryhacademic,private_account,bot,2022-12-16,358,https://twitter.com/angryhacademic/status/1603798744348213249
202,1516,dchomecoming,private_account,bot,2022-12-15,354,https://twitter.com/dchomecoming/status/1603179873417285633
203,1734,angry_north,false (human account),human,2022-12-14,350,https://twitter.com/angry_north/status/1603090713142595586
204,1492,JamesfWells,spammer,bot,2022-12-14,349,https://twitter.com/JamesfWells/status/1603171988964614145
205,1732,GoesTooSlow,false (human account),human,2022-12-14,348,https://twitter.com/GoesTooSlow/status/1603090055803080706
206,1731,lai_dama,false (human account),human,2022-12-14,347,https://twitter.com/lai_dama/status/1603090005223788544
207,804,fuzzyface,false (human account),human,2021-07-19,341,https://twitter.com/fuzzyface/status/1417051749077053441
208,1727,publichealthni,spammer,bot,2022-12-14,341,https://twitter.com/publichealthni/status/1603089135266598912
209,1719,BobsBlitz,false (human account),human,2022-12-14,330,https://twitter.com/BobsBlitz/status/1603146199325876224
210,742,sfbtears,private_account,bot,2021-10-16,329,https://twitter.com/sfbtears/status/1449453138558308354
211,1712,MrHealthnut,false (human account),human,2022-12-14,321,https://twitter.com/MrHealthnut/status/1603144100810612736
212,1710,chris_kammy,false (human account),human,2022-12-14,319,https://twitter.com/chris_kammy/status/1603143471459700736
213,2255,SMDhealthunit,spammer,bot,2022-12-15,316,https://twitter.com/SMDhealthunit/status/1603459239476854785
214,753,deltazebedee1,false (human account),human,2021-07-21,315,https://twitter.com/deltazebedee1/status/1417673313493659651
215,974,NoSurrender200,private_account,bot,2021-07-24,315,https://twitter.com/NoSurrender200/status/1418988876908089353
216,2257,UKHSA,private_account,bot,2022-12-15,310,https://twitter.com/UKHSA/status/1603473513326776351
217,1698,thehiddentru,spammer,bot,2022-12-14,302,https://twitter.com/thehiddentru/status/1603139891826757633
218,940,takapirulainen,spammer,bot,2021-07-18,300,https://twitter.com/takapirulainen/status/1416800776492625924
219,1388,bobmcgee00123,private_account,bot,2022-12-16,294,https://twitter.com/bobmcgee00123/status/1603751377574187009
220,2339,HK0wmLRKZq44H85,spammer,bot,2022-12-07,282,https://twitter.com/HK0wmLRKZq44H85/status/1600577134879195137
221,1685,Karl_Lauterbach,other,bot,2022-12-14,281,https://twitter.com/Karl_Lauterbach/status/1603136689240788998
222,967,texaspatriette,false (human account),human,2021-07-24,276,https://twitter.com/texaspatriette/status/1418976540927401987
223,1682,Holotropic100,false (human account),human,2022-12-14,276,https://twitter.com/Holotropic100/status/1603135661795835905
224,2313,AndersonAfDMdEP,private_account,bot,2022-12-16,276,https://twitter.com/AndersonAfDMdEP/status/1603786953194979329
225,1679,rasttin,false (human account),human,2022-12-14,273,https://twitter.com/rasttin/status/1603134826315489280
226,1550,FMFNavyDoc,private_account,bot,2022-12-15,270,https://twitter.com/FMFNavyDoc/status/1603192773041000449
227,1676,MehmetAli_Kutlu,spammer,bot,2022-12-14,269,https://twitter.com/MehmetAli_Kutlu/status/1603133053140078593
228,2308,JeanAlmond2,spammer,bot,2022-12-16,266,https://twitter.com/JeanAlmond2/status/1603771144028704769
229,1674,DrCaliff_FDA,spammer,bot,2022-12-14,265,https://twitter.com/DrCaliff_FDA/status/1603132905198346242
230,1672,IreeneAlmayda,false (human account),human,2022-12-14,262,https://twitter.com/IreeneAlmayda/status/1603132199381131264
231,2280,Ocugen,private_account,bot,2022-12-16,258,https://twitter.com/Ocugen/status/1603594548441227265
232,2304,panda66sick,private_account,bot,2022-12-16,258,https://twitter.com/panda66sick/status/1603764005570592769
233,1667,CarlaGericke,false (human account),human,2022-12-14,256,https://twitter.com/CarlaGericke/status/1603128621148823557
234,1666,boss_parody,spammer,bot,2022-12-14,255,https://twitter.com/boss_parody/status/1603128465154535424
235,1665,juneslater17,false (human account),human,2022-12-14,253,https://twitter.com/juneslater17/status/1603127158552940545
236,1664,lily08244818,spammer,bot,2022-12-14,252,https://twitter.com/lily08244818/status/1603127049207644161
237,1663,dhiggins63,self_declared,bot,2022-12-14,250,https://twitter.com/dhiggins63/status/1603125404105342976
238,2299,Power2People4,other,bot,2022-12-16,248,https://twitter.com/Power2People4/status/1603748709669507076
239,1661,shaundsylva,spammer,bot,2022-12-14,246,https://twitter.com/shaundsylva/status/1603124752260165632
240,2298,PieterOmtzigt,other,bot,2022-12-16,246,https://twitter.com/PieterOmtzigt/status/1603748237940334596
241,1393,TruthSearching_,private_account,bot,2022-12-16,244,https://twitter.com/TruthSearching_/status/1603755454714499078
242,2297,ZN2_______,private_account,bot,2022-12-16,244,https://twitter.com/ZN2_______/status/1603744452769726464
243,1657,gemlilies27,false (human account),human,2022-12-14,239,https://twitter.com/gemlilies27/status/1603123879270121503
244,2293,steve_morris_,other,bot,2022-12-16,236,https://twitter.com/steve_morris_/status/1603728734535798784
245,1650,KanitBok,false (human account),human,2022-12-14,228,https://twitter.com/KanitBok/status/1603121367905599489
246,1647,GinaMacina60,spammer,bot,2022-12-14,225,https://twitter.com/GinaMacina60/status/1603120636783575040
247,1646,FrammeryChloe,false (human account),human,2022-12-14,223,https://twitter.com/FrammeryChloe/status/1603120189519712256
248,1437,BarbarasGhost1,spammer,bot,2022-12-16,222,https://twitter.com/BarbarasGhost1/status/1603780163925409819
249,2286,nicolasberrod,private_account,bot,2022-12-16,222,https://twitter.com/nicolasberrod/status/1603641600776830977
250,1643,CryptoG08756535,false (human account),human,2022-12-14,218,https://twitter.com/CryptoG08756535/status/1603118789830361093
251,2284,DidiTsotso,spammer,bot,2022-12-16,218,https://twitter.com/DidiTsotso/status/1603617240909242368
252,1508,greenwoodls,spammer,bot,2022-12-14,210,https://twitter.com/greenwoodls/status/1603177396496105473
253,1631,CFloristry,false (human account),human,2022-12-14,204,https://twitter.com/CFloristry/status/1603164096840585221
254,2277,COVID19nCCC,spammer,bot,2022-12-16,204,https://twitter.com/COVID19nCCC/status/1603569900764925952
255,712,babibelle33,false (human account),human,2021-08-25,202,https://twitter.com/babibelle33/status/1430586492376784907
256,1432,LizGuldvinge,spammer,bot,2022-12-16,202,https://twitter.com/LizGuldvinge/status/1603778753813155842
257,1629,thisuserposted,false (human account),human,2022-12-14,201,https://twitter.com/thisuserposted/status/1603163592580276225
258,836,moonbeam696,false (human account),human,2021-07-21,199,https://twitter.com/moonbeam696/status/1417958298121297921
259,819,ninskiberry,false (human account),human,2021-07-19,198,https://twitter.com/ninskiberry/status/1417226279192043523
260,1626,SulleyTruman,other,bot,2022-12-14,198,https://twitter.com/SulleyTruman/status/1603162854823272449
261,2273,LVaccinated,spammer,bot,2022-12-16,196,https://twitter.com/LVaccinated/status/1603546865529720833
262,834,AndersonPolaris,false (human account),human,2021-07-21,195,https://twitter.com/AndersonPolaris/status/1417902892896325632
263,2272,Invesdoctor,private_account,bot,2022-12-16,194,https://twitter.com/Invesdoctor/status/1603543111049031681
264,1424,Prj_Sentinel,spammer,bot,2022-12-16,192,https://twitter.com/Prj_Sentinel/status/1603773821470875650
265,938,Rac_helz,false (human account),human,2021-07-18,191,https://twitter.com/Rac_helz/status/1416800457029267461
266,1525,DiedSuddenly_,spammer,bot,2022-12-15,191,https://twitter.com/DiedSuddenly_/status/1603184322579767297
267,936,Max65752957,false (human account),human,2021-07-18,187,https://twitter.com/Max65752957/status/1416693190455922693
268,1310,CobyJayJr43,private_account,bot,2021-11-16,186,https://twitter.com/CobyJayJr43/status/1460638108668633088
269,1614,JonJonmarkb,private_account,bot,2022-12-14,177,https://twitter.com/JonJonmarkb/status/1603161783841296390
270,1613,threadreaderapp,spammer,bot,2022-12-14,175,https://twitter.com/threadreaderapp/status/1603161496091066369
271,2270,ardini_robert,spammer,bot,2022-12-15,174,https://twitter.com/ardini_robert/status/1603534845224681474
272,2267,ezralevant,spammer,bot,2022-12-15,168,https://twitter.com/ezralevant/status/1603504526463475716
273,963,tvegaw,false (human account),human,2021-07-23,166,https://twitter.com/tvegaw/status/1418656330311774211
274,1465,PeterSweden7,private_account,bot,2022-12-16,166,https://twitter.com/PeterSweden7/status/1603795782913638413
275,924,Caring_Canuck,false (human account),human,2021-07-18,163,https://twitter.com/Caring_Canuck/status/1416661371345846272
276,1519,MelissaLMRogers,spammer,bot,2022-12-15,162,https://twitter.com/MelissaLMRogers/status/1603183066087825408
277,1462,HSELive,spammer,bot,2022-12-16,160,https://twitter.com/HSELive/status/1603791886250041344
278,1605,IzizzyG,spammer,bot,2022-12-14,160,https://twitter.com/IzizzyG/status/1603159547107233793
279,1460,investisseurfaq,spammer,bot,2022-12-16,156,https://twitter.com/investisseurfaq/status/1603790560716021760
280,782,PantsClock,false (human account),human,2021-07-19,153,https://twitter.com/PantsClock/status/1417058833537585156
281,574,sir_lars,false (human account),human,2021-10-07,151,https://twitter.com/sir_lars/status/1446059885548953601
282,816,justletmebeme1,false (human account),human,2021-07-18,151,https://twitter.com/justletmebeme1/status/1416908310368985091
283,1599,jofiworks,private_account,bot,2022-12-14,151,https://twitter.com/jofiworks/status/1603157450571513857
284,581,VanderleydeSo14,private_account,bot,2021-08-30,150,https://twitter.com/VanderleydeSo14/status/1432415992286744583
285,1457,45BigBadWolf,other,bot,2022-12-16,150,https://twitter.com/45BigBadWolf/status/1603788585806614531
286,2258,Coldhardfacts5,self_declared,bot,2022-12-15,150,https://twitter.com/Coldhardfacts5/status/1603473597288353811
287,1598,Antonio_Caramia,private_account,bot,2022-12-14,149,https://twitter.com/Antonio_Caramia/status/1603157106080759808
288,689,1SweetSoldier,false (human account),human,2021-08-15,148,https://twitter.com/1SweetSoldier/status/1426969431809437696
289,1499,TheReaganFiles1,spammer,bot,2022-12-14,146,https://twitter.com/TheReaganFiles1/status/1603175411130814465
290,1454,DogFacePonia,private_account,bot,2022-12-16,144,https://twitter.com/DogFacePonia/status/1603786870042886146
291,1452,Mr_John_Harvey_,spammer,bot,2022-12-16,140,https://twitter.com/Mr_John_Harvey_/status/1603786361953079296
292,831,elofan1276,false (human account),human,2021-07-22,139,https://twitter.com/elofan1276/status/1418333361601458177
293,1593,mohamedmahdi7,false (human account),human,2022-12-14,139,https://twitter.com/mohamedmahdi7/status/1603155948050292737
294,1451,vickdimin,spammer,bot,2022-12-16,138,https://twitter.com/vickdimin/status/1603785227108761602
295,849,DixieGenX,false (human account),human,2021-05-24,137,https://twitter.com/DixieGenX/status/1396717985746804737
296,2251,agency_map,private_account,bot,2022-12-15,136,https://twitter.com/agency_map/status/1603443230451941388
297,1589,Todd98629,false (human account),human,2022-12-14,135,https://twitter.com/Todd98629/status/1603154533865369601
298,1588,berkedei,other,bot,2022-12-14,134,https://twitter.com/berkedei/status/1603154438532648960
299,2249,SickKidsNews,private_account,bot,2022-12-15,132,https://twitter.com/SickKidsNews/status/1603434256285433862
300,749,Jaye1222,false (human account),human,2021-07-21,130,https://twitter.com/Jaye1222/status/1417673584588333056
301,1505,BRAINCURES,spammer,bot,2022-12-14,126,https://twitter.com/BRAINCURES/status/1603177097194872833
302,1584,76America76,spammer,bot,2022-12-14,126,https://twitter.com/76America76/status/1603153323162566657
303,2218,meesthetics,private_account,bot,2022-12-07,118,https://twitter.com/meesthetics/status/1600572480724226049
304,1440,LuigiValentino,spammer,bot,2022-12-16,116,https://twitter.com/LuigiValentino/status/1603780680814673921
305,827,JackJackedMe,private_account,bot,2021-07-23,111,https://twitter.com/JackJackedMe/status/1418443715459354627
306,891,laureenrobinso1,false (human account),human,2021-05-23,110,https://twitter.com/laureenrobinso1/status/1396312428426764288
307,2233,VidalioVar,spammer,bot,2022-12-15,106,https://twitter.com/VidalioVar/status/1603459629446533120
308,825,KyleJayBonnell,false (human account),human,2021-07-22,105,https://twitter.com/KyleJayBonnell/status/1418308262194147342
309,1434,AishaKh19035278,spammer,bot,2022-12-16,104,https://twitter.com/AishaKh19035278/status/1603778912651448320
310,2231,Terry6969696,spammer,bot,2022-12-15,102,https://twitter.com/Terry6969696/status/1603441636184408090
311,838,BaringMyClaws,false (human account),human,2021-07-21,101,https://twitter.com/BaringMyClaws/status/1417987339545026561
312,1556,Patri0tRever3,spammer,bot,2022-12-15,100,https://twitter.com/Patri0tRever3/status/1603193797881446401
313,1555,thevivafrei,spammer,bot,2022-12-15,98,https://twitter.com/thevivafrei/status/1603193736652939264
314,959,Sayyestolifeno1,false (human account),human,2021-08-05,97,https://twitter.com/Sayyestolifeno1/status/1423343791214366722
315,747,j_windsong,private_account,bot,2021-10-17,96,https://twitter.com/j_windsong/status/1449845992430444551
316,1430,AbeedahAkhtar,spammer,bot,2022-12-16,96,https://twitter.com/AbeedahAkhtar/status/1603778692106579968
317,1567,SurrealHayes,spammer,bot,2022-12-14,96,https://twitter.com/SurrealHayes/status/1603148953284911104
318,935,Vicmot,false (human account),human,2021-07-18,92,https://twitter.com/Vicmot/status/1416714128387887106
319,1428,1984resistant,spammer,bot,2022-12-16,92,https://twitter.com/1984resistant/status/1603777948427116544
320,839,momJenRodriguez,private_account,bot,2021-05-25,90,https://twitter.com/momJenRodriguez/status/1397253171534311424
321,2335,RedLights4FF,spammer,bot,2022-12-07,90,https://twitter.com/RedLights4FF/status/1600572149349195777
322,1425,SayNoToSino,spammer,bot,2022-12-16,86,https://twitter.com/SayNoToSino/status/1603774557172551684
323,2380,smadax,private_account,bot,2022-12-08,86,https://twitter.com/smadax/status/1600932489920647168
324,927,mattlargey,false (human account),human,2021-07-18,84,https://twitter.com/mattlargey/status/1416860939178151938
325,2390,DDPHE,other,bot,2022-12-07,84,https://twitter.com/DDPHE/status/1600505927932809220
326,723,globalism_no,private_account,bot,2021-08-27,83,https://twitter.com/globalism_no/status/1431396057339080708
327,926,Andreopeeneilan,false (human account),human,2021-07-18,83,https://twitter.com/Andreopeeneilan/status/1416876962707124224
328,2378,okeyokigbo,private_account,bot,2022-12-08,82,https://twitter.com/okeyokigbo/status/1600908752667824128
329,909,val_ic,false (human account),human,2021-07-18,80,https://twitter.com/val_ic/status/1416624031562977281
330,814,mynameisnotkim1,private_account,bot,2021-07-19,78,https://twitter.com/mynameisnotkim1/status/1416932498295119882
331,1421,Incrementallog1,private_account,bot,2022-12-16,78,https://twitter.com/Incrementallog1/status/1603772497677123584
332,738,Voyeur80370397,false (human account),human,2021-10-17,77,https://twitter.com/Voyeur80370397/status/1449663889180921857
333,1511,kat82378,spammer,bot,2022-12-14,74,https://twitter.com/kat82378/status/1603177399708950530
334,2373,HPPublicHealth,spammer,bot,2022-12-08,72,https://twitter.com/HPPublicHealth/status/1600867130559254528
335,1417,EdwardRayne,spammer,bot,2022-12-16,70,https://twitter.com/EdwardRayne/status/1603770263862095874
336,1541,_brrranko,private_account,bot,2022-12-15,70,https://twitter.com/_brrranko/status/1603188231608082433
337,2372,mercola,spammer,bot,2022-12-08,70,https://twitter.com/mercola/status/1600862991716524032
338,961,zoogirl121,false (human account),human,2021-07-26,69,https://twitter.com/zoogirl121/status/1419721964512432142
339,2371,stlenott,spammer,bot,2022-12-08,68,https://twitter.com/stlenott/status/1600858273976324097
340,0,Left_of_You,private_account,bot,2021-05-17,66,https://twitter.com/Left_of_You/status/1394373947454590987
341,1507,4givensaint40,spammer,bot,2022-12-14,66,https://twitter.com/4givensaint40/status/1603177097651945475
342,734,RockinTrump,private_account,bot,2021-08-21,64,https://twitter.com/RockinTrump/status/1428912360027304002
343,2345,indiahouse,spammer,bot,2022-12-07,64,https://twitter.com/indiahouse/status/1600629980697960449
344,1413,WashURadOnc,spammer,bot,2022-12-16,62,https://twitter.com/WashURadOnc/status/1603766690642378753
345,2368,AmandaPritchard,private_account,bot,2022-12-08,62,https://twitter.com/AmandaPritchard/status/1600773937541304320
346,1504,scott4pendleton,private_account,bot,2022-12-14,60,https://twitter.com/scott4pendleton/status/1603176957918658562
347,2325,kimberly_joc,spammer,bot,2022-12-07,60,https://twitter.com/kimberly_joc/status/1600535089158537219
348,1411,VikiLovesFACS,spammer,bot,2022-12-16,58,https://twitter.com/VikiLovesFACS/status/1603766367336923138
349,1535,drajm,private_account,bot,2022-12-15,58,https://twitter.com/drajm/status/1603187223087968256
350,775,maatuska_t,false (human account),human,2021-07-20,57,https://twitter.com/maatuska_t/status/1417553542953504769
351,2341,SenRonJohnson,other,bot,2022-12-07,56,https://twitter.com/SenRonJohnson/status/1600588549102919682
352,2365,MozartsTrump,spammer,bot,2022-12-08,56,https://twitter.com/MozartsTrump/status/1600748516296785920
353,830,YatesSaunders,false (human account),human,2021-07-22,54,https://twitter.com/YatesSaunders/status/1418079965564727303
354,1409,PeterRMacIsaac,spammer,bot,2022-12-16,54,https://twitter.com/PeterRMacIsaac/status/1603765126704017408
355,1408,NICUBatman,spammer,bot,2022-12-16,52,https://twitter.com/NICUBatman/status/1603765107363717120
356,1407,NaomiLi14590801,spammer,bot,2022-12-16,50,https://twitter.com/NaomiLi14590801/status/1603764913779769345
357,903,bilks,false (human account),human,2021-05-26,48,https://twitter.com/bilks/status/1397464616620462080
358,1406,nytimes,self_declared,bot,2022-12-16,48,https://twitter.com/nytimes/status/1603764566692765696
359,824,QWarrior18,false (human account),human,2021-07-19,46,https://twitter.com/QWarrior18/status/1417058833537585156
360,1405,ABridgen,private_account,bot,2022-12-16,46,https://twitter.com/ABridgen/status/1603764482571911168
361,698,BeverlyDHolmes,false (human account),human,2021-08-06,45,https://twitter.com/BeverlyDHolmes/status/1423510606116753414
362,823,MSkuggsida,false (human account),human,2021-07-19,45,https://twitter.com/MSkuggsida/status/1417084248457162754
363,822,loveiswhereits2,false (human account),human,2021-07-19,44,https://twitter.com/loveiswhereits2/status/1417197879261810689
364,1404,neeri_wwtd,private_account,bot,2022-12-16,44,https://twitter.com/neeri_wwtd/status/1603764092795510785
365,818,BBCNews,spammer,bot,2021-07-19,42,https://twitter.com/BBCNews/status/1417247750224232452
366,1402,saoltagroup,private_account,bot,2022-12-16,40,https://twitter.com/saoltagroup/status/1603762798798032898
367,1494,SelectGOP,other,bot,2022-12-14,40,https://twitter.com/SelectGOP/status/1603172492142473217
368,912,pinopire43,false (human account),human,2021-05-18,38,https://twitter.com/pinopire43/status/1394776704745345027
369,2332,Timcast,spammer,bot,2022-12-07,38,https://twitter.com/Timcast/status/1600553160568979457
370,1400,JimmyJoeYam,spammer,bot,2022-12-16,36,https://twitter.com/JimmyJoeYam/status/1603761055225856001
371,919,AllieLucas1971,false (human account),human,2021-05-20,35,https://twitter.com/AllieLucas1971/status/1395476842639933441
372,731,raroberts2010,spammer,bot,2021-08-19,34,https://twitter.com/raroberts2010/status/1428256312534597636
373,1399,HouseGOP,private_account,bot,2022-12-16,34,https://twitter.com/HouseGOP/status/1603760979174912002
374,1491,TIME,private_account,bot,2022-12-14,34,https://twitter.com/TIME/status/1603171921562337281
375,2330,giddyupmikey,spammer,bot,2022-12-07,34,https://twitter.com/giddyupmikey/status/1600547906502549504
376,2329,MAP_Information,private_account,bot,2022-12-07,32,https://twitter.com/MAP_Information/status/1600547063275454465
377,910,AlfaBravo005,false (human account),human,2021-05-22,31,https://twitter.com/AlfaBravo005/status/1396144490721730564
378,2352,BillClinton,private_account,bot,2022-12-08,30,https://twitter.com/BillClinton/status/1600668939801235456
379,1165,HetrickBarry,spammer,bot,2021-05-25,28,https://twitter.com/HetrickBarry/status/1397268840321540101
380,1342,NH_2_NC,false (human account),human,2021-11-05,28,https://twitter.com/NH_2_NC/status/1456415102576562178
381,889,Laban471,false (human account),human,2021-05-26,27,https://twitter.com/Laban471/status/1397581628864700421
382,1164,NYLockdown,spammer,bot,2021-05-25,26,https://twitter.com/NYLockdown/status/1397265703837782018
383,1395,rachel_loeb,spammer,bot,2022-12-16,26,https://twitter.com/rachel_loeb/status/1603756915627986945
384,1163,l11432,spammer,bot,2021-05-25,24,https://twitter.com/l11432/status/1397259095946809356
385,2349,StepOneObserve,spammer,bot,2022-12-08,24,https://twitter.com/StepOneObserve/status/1600660000359452673
386,1162,drmassee,spammer,bot,2021-05-25,22,https://twitter.com/drmassee/status/1397257157687406592
387,2217,WSjp_insight,private_account,bot,2022-12-07,22,https://twitter.com/WSjp_insight/status/1600493592069672961
388,1161,EdwinRankin,spammer,bot,2021-05-25,20,https://twitter.com/EdwinRankin/status/1397252644125675520
389,1484,DrJamesOlsson,spammer,bot,2022-12-14,20,https://twitter.com/DrJamesOlsson/status/1603167844652716033
390,2347,AbcCollab,spammer,bot,2022-12-08,20,https://twitter.com/AbcCollab/status/1600655255460786177
391,977,EynoufElizabeth,private_account,bot,2021-05-25,18,https://twitter.com/EynoufElizabeth/status/1397251500850782215
392,1381,DianaReadM,private_account,bot,2022-12-07,18,https://twitter.com/DianaReadM/status/1600584971525259265
393,1391,PeterJerg,spammer,bot,2022-12-16,18,https://twitter.com/PeterJerg/status/1603753276624850945
394,918,IBelieveMothers,false (human account),human,2021-05-22,17,https://twitter.com/IBelieveMothers/status/1395908333610180610
395,1390,reinallanera,spammer,bot,2022-12-16,16,https://twitter.com/reinallanera/status/1603752054215905281
396,1344,ussuricat1,private_account,bot,2021-09-02,15,https://twitter.com/ussuricat1/status/1433501851245236243
397,1383,LightReflectOn,private_account,bot,2022-12-11,14,https://twitter.com/LightReflectOn/status/1601742144984973312
398,1481,ikerock,private_account,bot,2022-12-14,14,https://twitter.com/ikerock/status/1603166951118753792
399,868,PatriotDany,false (human account),human,2021-05-26,12,https://twitter.com/PatriotDany/status/1397383435853967360
400,916,LoFaSho24,false (human account),human,2021-05-18,12,https://twitter.com/LoFaSho24/status/1394706370298064904
401,2222,RealMrsDonatta,spammer,bot,2022-12-08,12,https://twitter.com/RealMrsDonatta/status/1600932706946191361
402,2226,Oceanworldfree,private_account,bot,2022-12-11,12,https://twitter.com/Oceanworldfree/status/1601976867120087042
403,697,CBmdnc,false (human account),human,2021-08-07,11,https://twitter.com/CBmdnc/status/1423890900841795587
404,733,sgibbsters,false (human account),human,2021-08-16,11,https://twitter.com/sgibbsters/status/1427242982764331008
405,867,Sbartol3,false (human account),human,2021-05-26,11,https://twitter.com/Sbartol3/status/1397380162170277892
406,887,SmithMEGA007,false (human account),human,2021-07-15,10,https://twitter.com/SmithMEGA007/status/1415557971367456768
407,1477,Rasmussen_Poll,private_account,bot,2022-12-15,10,https://twitter.com/Rasmussen_Poll/status/1603455452397944861
408,2225,MBUDDMA,private_account,bot,2022-12-11,10,https://twitter.com/MBUDDMA/status/1601905008274198529
409,2229,The_Real_Sparkk,private_account,bot,2022-12-13,10,https://twitter.com/The_Real_Sparkk/status/1602681253290975233
410,917,CrashingJustice,false (human account),human,2021-05-23,9,https://twitter.com/CrashingJustice/status/1396271085054697473
411,1476,IrwinRedlenerMD,private_account,bot,2022-12-15,8,https://twitter.com/IrwinRedlenerMD/status/1603247090750078978
412,2220,ES03784893,private_account,bot,2022-12-08,8,https://twitter.com/ES03784893/status/1600715627500445696
413,2224,HighWireTalk,other,bot,2022-12-09,8,https://twitter.com/HighWireTalk/status/1601314634014654465
414,2228,Matt_Fleming321,spammer,bot,2022-12-13,8,https://twitter.com/Matt_Fleming321/status/1602679703021965312
415,1379,DoloresHuertaFD,private_account,bot,2022-12-14,6,https://twitter.com/DoloresHuertaFD/status/1603153784535846912
416,1380,DrEliDavid,private_account,bot,2022-12-07,6,https://twitter.com/DrEliDavid/status/1600584971525259265
417,1385,JCTDLife3D,private_account,bot,2022-12-16,6,https://twitter.com/JCTDLife3D/status/1603750444563857409
418,1475,AlecLace,private_account,bot,2022-12-15,6,https://twitter.com/AlecLace/status/1603194448737095680
419,2219,CDCDirector,other,bot,2022-12-08,6,https://twitter.com/CDCDirector/status/1600651508344709120
420,2223,DrEricDing,spammer,bot,2022-12-09,6,https://twitter.com/DrEricDing/status/1601096405858516993
421,2227,shrinirhs,spammer,bot,2022-12-13,6,https://twitter.com/shrinirhs/status/1602478679996731392
422,848,DonnaOw66990971,false (human account),human,2021-05-24,5,https://twitter.com/DonnaOw66990971/status/1396788766379896836
